word1,word2,human,
take,remove,6.81,SYNONYMS
walk,trail,4.81,COHYPONYMS
feed,starve,1.49,ANTONYMS
shine,polish,7.8,SYNONYMS
calculate,add,5.98,HYPER/HYPONYMS
cheat,sneak,3.65,NONE
pardon,forgive,8.96,HYPER/HYPONYMS
smell,sniff,7.97,HYPER/HYPONYMS
plow,dig,6.64,NONE
believe,pretend,1.66,NONE
tap,pat,6.97,NONE
condemn,kill,3.65,NONE
crunch,crack,3.65,NONE
erode,destroy,6.34,NONE
try,practice,4.65,NONE
tear,fold,0.66,NONE
replace,move,1.49,HYPER/HYPONYMS
respond,ignore,0.83,NONE
rationalize,argue,4.48,HYPER/HYPONYMS
laugh,sing,1.99,NONE
attack,sneak,1.66,COHYPONYMS
descend,go,3.32,HYPER/HYPONYMS
decompose,dissolve,6.14,NONE
miss,catch,0,NONE
yell,accuse,1.99,NONE
feel,touch,7.8,HYPER/HYPONYMS
connect,separate,1.49,ANTONYMS
decay,deteriorate,8.13,HYPER/HYPONYMS
protect,defend,7.8,HYPER/HYPONYMS
bake,broil,5.98,SYNONYMS
remove,detach,7.47,NONE
describe,define,7.97,NONE
drive,walk,1.49,COHYPONYMS
build,grow,4.81,HYPER/HYPONYMS
decay,decompose,8.3,SYNONYMS
cover,protect,6.81,HYPER/HYPONYMS
dislike,ignore,3.15,NONE
forget,recall,0.33,ANTONYMS
comprehend,learn,7.3,NONE
reflect,look,4.15,NONE
defeat,beat,8.47,HYPER/HYPONYMS
know,inform,1.99,NONE
remind,repeat,5.31,NONE
go,let,2.82,NONE
dislike,disown,3.82,NONE
go,advance,6.64,HYPER/HYPONYMS
produce,reproduce,5.98,HYPER/HYPONYMS
recommend,assist,4.15,NONE
shake,shiver,6.31,HYPER/HYPONYMS
take,carry,5.64,HYPER/HYPONYMS
accomplish,succeed,8.3,HYPER/HYPONYMS
drive,operate,4.98,HYPER/HYPONYMS
ask,tell,0.66,HYPER/HYPONYMS
gather,reap,5.98,HYPER/HYPONYMS
bend,break,4.65,NONE
tear,break,6.14,COHYPONYMS
jump,skip,5.48,SYNONYMS
agree,admit,3.98,NONE
give,bring,4.98,COHYPONYMS
go,move,6.31,SYNONYMS
kill,shoot,5.31,HYPER/HYPONYMS
crunch,chew,6.47,HYPER/HYPONYMS
carry,tow,4.98,NONE
sing,hum,5.98,COHYPONYMS
dismay,upset,6.64,NONE
shun,ignore,8.63,NONE
believe,know,3.65,NONE
hurt,smash,4.65,HYPER/HYPONYMS
prefer,hate,1,NONE
cook,bake,7.8,HYPER/HYPONYMS
reprimand,yell,4.48,NONE
break,destroy,8.3,HYPER/HYPONYMS
hit,slap,7.97,NONE
wrap,tie,5.31,NONE
upset,frustrate,7.64,NONE
show,preview,5.64,NONE
accuse,tell,2.49,NONE
hate,disown,4.48,NONE
pounce,bounce,2.99,NONE
respect,like,5.48,COHYPONYMS
sell,purchase,2.16,ANTONYMS
put,take,1.49,HYPER/HYPONYMS
charge,cover,1.66,NONE
melt,freeze,0.17,ANTONYMS
agree,differ,1.16,ANTONYMS
flap,fold,2.16,NONE
die,survive,0.15,NONE
pull,lift,2.82,COHYPONYMS
hitch,ride,4.48,HYPER/HYPONYMS
live,let,1.99,NONE
sow,plow,2.32,NONE
destroy,kill,7.8,HYPER/HYPONYMS
obtain,get,9.3,HYPER/HYPONYMS
buy,sell,0,ANTONYMS
deposit,put,6.47,HYPER/HYPONYMS
rise,wake,8.3,NONE
pray,kneel,1.83,NONE
jump,climb,1.99,HYPER/HYPONYMS
rescue,survive,1.16,NONE
succeed,overcome,6.97,NONE
look,examine,8.3,HYPER/HYPONYMS
delay,pause,8.13,HYPER/HYPONYMS
take,use,3.15,HYPER/HYPONYMS
color,decorate,4.48,COHYPONYMS
get,achieve,6.31,NONE
drink,intoxicate,4.23,NONE
die,deteriorate,2.49,NONE
treat,buy,4.98,NONE
dump,waste,5.98,COHYPONYMS
learn,evaluate,3.65,NONE
know,meet,2.82,NONE
compete,finish,4.98,NONE
sing,rap,5.58,NONE
beat,kill,3.65,HYPER/HYPONYMS
thaw,melt,8.47,SYNONYMS
kidnap,capture,7.8,NONE
gulp,slurp,4.98,NONE
walk,jog,4.32,NONE
think,presume,3.49,HYPER/HYPONYMS
say,speak,9.3,NONE
tend,help,7.47,HYPER/HYPONYMS
see,meet,5.31,SYNONYMS
preview,look,7.3,NONE
forget,decay,0.83,NONE
kick,punch,1.66,COHYPONYMS
claim,take,5.15,SYNONYMS
sell,borrow,0.66,NONE
confuse,understand,0.5,NONE
want,crave,7.64,HYPER/HYPONYMS
veer,look,1.16,NONE
persuade,discourage,1.66,NONE
arrive,depart,1,ANTONYMS
skip,miss,7.14,HYPER/HYPONYMS
talk,describe,5.15,NONE
take,acquire,6.31,HYPER/HYPONYMS
perform,entertain,7.14,NONE
wipe,wash,4.81,NONE
pray,hope,6.97,NONE
decline,lower,3.32,NONE
determine,understand,6.31,NONE
sting,prick,6.31,SYNONYMS
search,seek,9.63,SYNONYMS
disprove,dislike,8.3,NONE
pull,detach,4.32,NONE
disbelieve,believe,0.33,ANTONYMS
lean,fall,2.16,HYPER/HYPONYMS
get,grab,6.31,HYPER/HYPONYMS
control,hold,5.15,HYPER/HYPONYMS
alter,change,9.63,SYNONYMS
kidnap,take,5.98,HYPER/HYPONYMS
disturb,interrupt,8.63,SYNONYMS
seem,appear,7.64,SYNONYMS
repeat,do,2.99,NONE
compose,create,8.13,HYPER/HYPONYMS
justify,prove,6.31,NONE
separate,combine,0.5,ANTONYMS
disintegrate,melt,5.15,NONE
have,hold,4.81,SYNONYMS
kill,live,0.33,NONE
descend,lower,7.64,NONE
disprove,agree,0.33,NONE
run,hurry,5.98,HYPER/HYPONYMS
reap,gain,6.97,HYPER/HYPONYMS
rub,hold,1.49,NONE
finish,start,0.5,ANTONYMS
pull,tow,7.3,HYPER/HYPONYMS
swap,give,3.17,NONE
annoy,aggravate,8.13,NONE
deteriorate,disappear,3.92,NONE
hike,trail,5.48,NONE
compute,add,6.14,HYPER/HYPONYMS
pull,strain,3.65,NONE
assault,hit,8.13,NONE
inhale,breathe,7.97,HYPER/HYPONYMS
sneak,lie,5.48,NONE
brush,paint,6.97,COHYPONYMS
want,get,2.16,NONE
create,imagine,4.81,HYPER/HYPONYMS
travel,move,6.47,SYNONYMS
desire,need,5.13,NONE
rationalize,think,7.47,HYPER/HYPONYMS
hide,deny,4.48,NONE
increase,raise,8.13,HYPER/HYPONYMS
talk,criticize,2.66,NONE
determine,discover,5.64,NONE
think,realize,5.15,NONE
boom,crash,6.31,COHYPONYMS
replace,fix,2.11,NONE
fall,dive,4.15,HYPER/HYPONYMS
hold,reserve,6.31,HYPER/HYPONYMS
implode,explode,3.15,ANTONYMS
sprain,strain,5.98,NONE
respond,speak,7.3,NONE
regret,forget,0.83,NONE
travel,go,7.97,SYNONYMS
flee,fight,0.91,NONE
soak,bleach,2.99,NONE
accept,allow,6.94,HYPER/HYPONYMS
add,reduce,0.33,NONE
save,deposit,5.48,NONE
jump,dive,5.15,HYPER/HYPONYMS
hurt,prick,4.32,HYPER/HYPONYMS
hide,repress,6.64,NONE
bring,carry,4.98,HYPER/HYPONYMS
get,ask,2.49,COHYPONYMS
spin,turn,6.97,HYPER/HYPONYMS
overflow,fill,3.98,NONE
offend,bother,6.14,NONE
break,replace,0.5,HYPER/HYPONYMS
run,hide,1,NONE
start,begin,8.8,SYNONYMS
spoil,perish,4.81,NONE
weave,drive,0.91,COHYPONYMS
prepare,cook,6.14,SYNONYMS
pretend,imitate,4.65,NONE
lose,forget,4.07,HYPER/HYPONYMS
hunt,kill,6.81,NONE
let,allow,8.8,SYNONYMS
look,appear,4.98,SYNONYMS
tug,jerk,7.14,NONE
dive,swim,4.32,HYPER/HYPONYMS
dance,sway,3.82,NONE
whisper,yell,0.83,NONE
salute,acknowledge,4.65,NONE
become,make,4.15,HYPER/HYPONYMS
scare,surprise,5.31,NONE
sway,move,6.81,HYPER/HYPONYMS
go,send,1.49,NONE
float,drift,7.3,SYNONYMS
move,shift,7.55,HYPER/HYPONYMS
reprimand,correct,6.31,HYPER/HYPONYMS
leave,evacuate,7.47,NONE
clench,hold,6.64,NONE
concentrate,wander,0.5,NONE
suppose,guess,7.14,SYNONYMS
split,leave,2.99,NONE
get,put,1.33,NONE
receive,send,2.32,NONE
begin,introduce,4.32,HYPER/HYPONYMS
call,yell,7.64,SYNONYMS
cook,mix,3.49,COHYPONYMS
ridicule,tease,8.47,COHYPONYMS
associate,connect,6.97,SYNONYMS
entertain,enjoy,2.32,NONE
reply,respond,9.79,SYNONYMS
attack,beat,7.8,NONE
evict,throw,3.15,NONE
crackle,pop,3.15,NONE
sew,rip,0.83,NONE
call,respond,5.15,NONE
lose,find,0,ANTONYMS
reject,accept,0.83,ANTONYMS
run,evacuate,4.15,NONE
hurry,rush,9.79,HYPER/HYPONYMS
defend,prosecute,0.33,ANTONYMS
convince,lie,1.49,NONE
lower,degrade,7.8,NONE
enjoy,relax,5.81,NONE
disintegrate,dissolve,8.13,COHYPONYMS
introduce,show,6.14,NONE
want,yearn,7.64,HYPER/HYPONYMS
remark,talk,5.81,NONE
float,drown,0.66,NONE
sit,lie,3.32,ANTONYMS
die,drown,4.81,HYPER/HYPONYMS
combine,integrate,8.47,HYPER/HYPONYMS
appear,see,3.65,NONE
smear,wipe,6.31,COHYPONYMS
insult,offend,8.13,HYPER/HYPONYMS
aggravate,irritate,8.3,HYPER/HYPONYMS
flow,pour,5.31,HYPER/HYPONYMS
play,swing,3.15,HYPER/HYPONYMS
demand,need,2.82,SYNONYMS
drip,sink,1.99,COHYPONYMS
confess,lie,1.83,NONE
remember,retain,8.63,HYPER/HYPONYMS
sink,float,0.33,ANTONYMS
remind,think,3.32,NONE
tell,instruct,6.97,HYPER/HYPONYMS
take,replace,1.16,NONE
destroy,demolish,9.13,HYPER/HYPONYMS
fade,bleach,4.48,NONE
run,escape,4.65,HYPER/HYPONYMS
abuse,neglect,6.64,NONE
take,choose,3.82,SYNONYMS
fly,launch,4.32,NONE
remember,recall,9.13,SYNONYMS
tell,talk,8.3,HYPER/HYPONYMS
boil,fry,3.32,NONE
vacate,leave,8.63,HYPER/HYPONYMS
keep,hold,6.14,SYNONYMS
testify,confess,4.81,NONE
delay,wait,5.48,HYPER/HYPONYMS
yawn,stretch,2.32,NONE
make,compose,7.3,HYPER/HYPONYMS
make,do,4.15,SYNONYMS
drink,vomit,0.15,NONE
grill,burn,2.99,NONE
grab,hold,7.97,NONE
smoke,cough,2.66,NONE
reappear,vanish,1.49,NONE
think,pause,4.48,NONE
help,participate,6.14,NONE
fight,kill,4.15,NONE
rise,lift,7.47,SYNONYMS
swap,change,7.97,HYPER/HYPONYMS
crawl,climb,2.32,NONE
see,hear,1.99,SYNONYMS
win,fight,2.49,NONE
leap,fall,1.66,NONE
strike,blow,7.3,COHYPONYMS
beat,hurt,5.64,NONE
go,flee,6.14,NONE
blend,mix,8.3,SYNONYMS
meet,attend,3.82,NONE
fall,rise,0.33,ANTONYMS
help,assist,8,SYNONYMS
climb,fall,1.49,ANTONYMS
burn,melt,5.81,NONE
borrow,beg,2.66,NONE
give,beg,0.66,NONE
let,release,4.65,NONE
increase,add,7.97,HYPER/HYPONYMS
unload,carry,1.49,NONE
talk,debate,5.81,HYPER/HYPONYMS
describe,write,3.65,HYPER/HYPONYMS
hear,tell,0.83,NONE
doze,nap,8.8,HYPER/HYPONYMS
stab,shoot,1.83,NONE
grasp,understand,8.47,HYPER/HYPONYMS
destroy,repair,0.83,NONE
accept,deny,1,ANTONYMS
combine,join,7.47,NONE
join,gather,5.15,NONE
deny,reject,8.3,HYPER/HYPONYMS
bend,turn,3.32,HYPER/HYPONYMS
evict,move,2.66,HYPER/HYPONYMS
tell,testify,4.98,HYPER/HYPONYMS
define,mean,5.15,NONE
triumph,defeat,4.65,NONE
stop,whistle,0.33,NONE
die,crash,2.82,HYPER/HYPONYMS
realize,discover,7.14,NONE
guess,try,2.32,NONE
rub,grate,5.15,HYPER/HYPONYMS
drag,pull,7.3,HYPER/HYPONYMS
spell,speak,2.16,NONE
remove,evict,6.14,NONE
win,award,3.98,NONE
hide,bury,5.31,HYPER/HYPONYMS
gain,get,8.63,HYPER/HYPONYMS
forgive,regret,1.16,NONE
hide,find,1.66,NONE
relax,stretch,3.65,NONE
see,squint,3.15,NONE
flee,escape,9.79,HYPER/HYPONYMS
jerk,prick,0.5,NONE
wear,erode,3.32,NONE
waste,throw,2.66,NONE
bury,forget,3.98,SYNONYMS
frustrate,annoy,8.3,HYPER/HYPONYMS
learn,teach,2.82,SYNONYMS
come,bring,1.83,NONE
wait,stay,6.47,NONE
burst,laugh,2.16,NONE
look,inspect,8.96,NONE
portray,play,5.81,HYPER/HYPONYMS
lose,defeat,2.32,NONE
steal,rob,9.46,HYPER/HYPONYMS
transplant,remove,3.49,NONE
speak,listen,0.66,NONE
think,compute,5.81,HYPER/HYPONYMS
punish,deny,2.99,NONE
solve,compute,5.15,HYPER/HYPONYMS
organize,prepare,7.3,SYNONYMS
overflow,spill,7.14,HYPER/HYPONYMS
disperse,spread,9.3,HYPER/HYPONYMS
ask,suggest,4.32,NONE
walk,talk,1.33,NONE
toast,burn,5.64,NONE
haunt,scare,6.19,NONE
drink,gulp,6.47,HYPER/HYPONYMS
protect,help,5.15,NONE
admit,give,2.32,ANTONYMS
stay,come,1,NONE
win,finish,4.48,NONE
condemn,hate,5.64,NONE
lean,sway,6.14,NONE
kill,annihilate,8.13,HYPER/HYPONYMS
want,hope,5.15,HYPER/HYPONYMS
slide,show,0.66,NONE
scream,squeal,7.97,NONE
join,integrate,7.8,NONE
permit,deny,0.5,ANTONYMS
choke,swallow,0.5,NONE
smell,perspire,1.49,NONE
keep,snatch,1.83,NONE
engage,go,6.14,NONE
sprinkle,pour,2.66,COHYPONYMS
save,restore,2.82,NONE
do,perform,7.47,SYNONYMS
develop,create,8.3,HYPER/HYPONYMS
supply,give,6.97,HYPER/HYPONYMS
get,have,7.64,HYPER/HYPONYMS
look,observe,9.3,NONE
earn,gain,6.31,SYNONYMS
dunk,drown,5.64,NONE
seize,control,4.48,NONE
ponder,reflect,7.55,SYNONYMS
rap,speak,3.49,HYPER/HYPONYMS
change,replace,6.81,HYPER/HYPONYMS
prohibit,stop,7.14,NONE
build,destroy,0.5,NONE
choose,elect,8.47,HYPER/HYPONYMS
survive,struggle,3.32,NONE
crash,wreck,6.64,NONE
release,go,3.82,NONE
decrease,lower,9.13,HYPER/HYPONYMS
leave,escape,5.64,HYPER/HYPONYMS
regret,worry,5.31,NONE
hold,hug,7.64,HYPER/HYPONYMS
push,urge,6.64,HYPER/HYPONYMS
run,charge,5.15,NONE
drift,move,5.31,HYPER/HYPONYMS
mow,plow,4.32,NONE
rinse,wash,7.64,SYNONYMS
make,develop,6.14,HYPER/HYPONYMS
visit,travel,6.31,HYPER/HYPONYMS
receive,give,0.66,NONE
print,press,5.31,NONE
dismiss,go,2.99,HYPER/HYPONYMS
express,tell,5.98,HYPER/HYPONYMS
break,connect,0.33,NONE
veer,move,3.98,HYPER/HYPONYMS
fade,perish,6.47,NONE
glance,stare,2.49,COHYPONYMS
hate,respect,0.17,NONE
doubt,disbelieve,8.8,HYPER/HYPONYMS
persuade,ask,4.15,NONE
beat,mistreat,5.64,NONE
lie,deceive,9.3,COHYPONYMS
scribble,draw,8.13,HYPER/HYPONYMS
grab,release,0.33,NONE
comfort,relax,5.15,NONE
sweat,shiver,1.16,NONE
exist,die,1.16,NONE
strive,try,7.47,HYPER/HYPONYMS
perceive,understand,8.3,HYPER/HYPONYMS
squeeze,crush,7.3,SYNONYMS
solve,find,6.14,NONE
show,dance,2.82,NONE
entertain,sing,5.98,NONE
stretch,pull,6.47,HYPER/HYPONYMS
adjourn,finish,7.97,HYPER/HYPONYMS
think,determine,3.82,NONE
soothe,console,8.3,SYNONYMS
disturb,awake,5.43,NONE
finish,diminish,3.15,NONE
talk,pray,2.49,NONE
stop,hamper,4.98,NONE
leap,hop,6.31,HYPER/HYPONYMS
tear,demolish,4.98,NONE
blow,pop,2.49,COHYPONYMS
accept,refuse,1.83,ANTONYMS
return,recall,4.81,SYNONYMS
teach,educate,9.63,HYPER/HYPONYMS
believe,accept,5.64,HYPER/HYPONYMS
attack,kill,4.23,NONE
save,reserve,6.97,HYPER/HYPONYMS
inspect,find,5.31,NONE
demolish,wreck,9.3,NONE
tell,suggest,3.65,HYPER/HYPONYMS
gamble,win,2.66,NONE
reflect,see,4.15,NONE
split,crack,7.97,NONE
gain,learn,3.98,NONE
understand,comprehend,9.79,HYPER/HYPONYMS
console,help,4.81,NONE
pay,buy,5.48,HYPER/HYPONYMS
deliver,take,2.49,NONE
comprehend,perceive,5.43,SYNONYMS
sneak,slither,4.81,NONE
restore,repair,8.47,SYNONYMS
buy,purchase,9.46,SYNONYMS
make,reproduce,5.81,HYPER/HYPONYMS
punish,forbid,2.32,NONE
watch,examine,7.24,HYPER/HYPONYMS
perspire,sweat,9.63,SYNONYMS
judge,condemn,6.47,NONE
move,stay,0.5,ANTONYMS
nag,complain,8.13,HYPER/HYPONYMS
listen,learn,1.33,NONE
retreat,hide,5.81,NONE
remove,add,0.17,ANTONYMS
assume,presume,5.81,SYNONYMS
acknowledge,admit,6.81,SYNONYMS
reject,dislike,6.97,NONE
obey,command,2.16,NONE
win,play,1.16,NONE
stain,smudge,4.81,NONE
remember,realize,5.64,NONE
assault,attack,8.63,SYNONYMS
tumble,fall,8.3,HYPER/HYPONYMS
drink,lounge,1.33,NONE
abuse,hurt,6.97,NONE
fight,tackle,3.82,NONE
disturb,upset,5.98,SYNONYMS
push,shun,2.49,NONE
help,criticize,0.66,NONE
permit,disallow,1.66,ANTONYMS
meet,swap,1.83,NONE
please,beg,1.16,NONE
renounce,defeat,3.32,HYPER/HYPONYMS
participate,engage,6.47,NONE
snap,break,7.7,HYPER/HYPONYMS
boom,explode,8.63,NONE
get,replace,4.15,NONE
toss,turn,4.23,HYPER/HYPONYMS
laugh,embarrass,2.32,NONE
save,rescue,9.79,HYPER/HYPONYMS
upset,hurt,6.31,HYPER/HYPONYMS
appear,vanish,1.83,ANTONYMS
smell,offend,0.66,NONE
help,lend,5.98,NONE
move,avoid,3.65,NONE
talk,communicate,7.47,HYPER/HYPONYMS
disturb,irritate,7.14,NONE
diminish,disappear,6.31,HYPER/HYPONYMS
betray,lie,7.97,NONE
slurp,suck,5.81,NONE
stop,go,1.16,HYPER/HYPONYMS
look,glance,8.8,HYPER/HYPONYMS
hit,abuse,7.14,NONE
destroy,construct,0.5,NONE
reject,hurt,4.32,NONE
hike,walk,7.3,HYPER/HYPONYMS
show,express,6.64,SYNONYMS
humiliate,embarrass,8.8,NONE
choke,cough,3.32,NONE
tickle,tease,3.15,NONE
compute,analyze,7.14,NONE
ride,drive,4.98,SYNONYMS
greet,salute,6.64,HYPER/HYPONYMS
prosecute,judge,5.64,NONE
perform,dance,6.31,NONE
invent,create,7.8,HYPER/HYPONYMS
squeak,crack,2.16,NONE
avoid,deny,2.82,NONE
divide,unite,0.17,ANTONYMS
spank,scold,3.15,NONE
call,collect,1.81,NONE
sip,gulp,2.99,COHYPONYMS
crave,need,7.3,NONE
cover,bury,6.97,COHYPONYMS
hurt,offend,6.81,SYNONYMS
win,compete,3.98,NONE
hit,beat,7.97,COHYPONYMS
change,spare,1.83,NONE
tickle,giggle,3.32,NONE
bother,affect,5.98,HYPER/HYPONYMS
haul,pull,8.13,HYPER/HYPONYMS
go,start,8.3,SYNONYMS
disprove,prove,1.83,HYPER/HYPONYMS
draw,attract,3.32,HYPER/HYPONYMS
sit,rise,0.3,ANTONYMS
protect,watch,4.98,NONE
achieve,accomplish,8.47,SYNONYMS
taste,acquire,2.82,NONE
read,write,1.81,NONE
shake,dance,5.15,COHYPONYMS
degrade,embarrass,5.81,NONE
attempt,try,8.63,SYNONYMS
pray,bless,4.15,NONE
polish,tarnish,2.32,NONE
mimic,tease,5.81,NONE
save,drown,1.33,NONE
grind,smash,4.65,NONE
need,depend,5.81,NONE
yearn,learn,0.83,NONE
defend,help,5.64,NONE
bake,fry,4.81,COHYPONYMS
snuggle,hug,6.97,NONE
compute,understand,7.14,NONE
tear,wear,1.49,NONE
plead,please,1.66,NONE
neglect,leave,5.98,NONE
unload,dump,7.64,NONE
watch,see,8.13,HYPER/HYPONYMS
slay,kill,9.46,HYPER/HYPONYMS
originate,begin,7.64,HYPER/HYPONYMS
avoid,hide,5.81,NONE
show,perform,6.14,NONE
prosper,grow,7.14,NONE
become,arrive,1.33,NONE
transplant,exchange,5.98,NONE
strike,hit,8.96,SYNONYMS
talk,argue,3.82,HYPER/HYPONYMS
kill,poach,3.32,NONE
tell,squeal,4.81,NONE
please,request,1.83,NONE
lose,subtract,2.66,NONE
admit,tell,4.98,NONE
go,stay,0,ANTONYMS
concentrate,think,7.97,HYPER/HYPONYMS
save,help,8.3,NONE
disintegrate,decay,7.3,SYNONYMS
delay,stop,4.15,NONE
add,multiply,3.15,COHYPONYMS
give,return,3.32,HYPER/HYPONYMS
slide,fall,3.82,NONE
blow,whistle,2.82,COHYPONYMS
portray,show,8.63,NONE
attend,appear,4.15,NONE
insult,criticize,7.14,NONE
allow,deny,0.17,ANTONYMS
practice,repeat,7.47,NONE
find,determine,5.48,SYNONYMS
rip,tear,9.96,HYPER/HYPONYMS
nag,annoy,6.31,NONE
hit,connect,3.82,HYPER/HYPONYMS
yell,scream,8,SYNONYMS
hoot,holler,6.81,NONE
mend,break,1,ANTONYMS
organize,gather,4.81,NONE
suggest,advise,8.63,SYNONYMS
overwhelm,confuse,5.31,NONE
ask,please,1.66,NONE
change,affect,6.97,HYPER/HYPONYMS
amuse,entertain,8.13,HYPER/HYPONYMS
haul,take,4.32,NONE
suppose,imagine,6.31,SYNONYMS
follow,come,4.15,SYNONYMS
spend,save,1,HYPER/HYPONYMS
tap,touch,7.64,HYPER/HYPONYMS
fling,shoot,4.81,NONE
meet,introduce,2.82,NONE
rationalize,justify,8.8,SYNONYMS
update,review,4.32,NONE
sew,weave,5.15,NONE
shrink,grow,1,NONE
fail,try,1.49,NONE
destroy,smash,6.79,HYPER/HYPONYMS
steal,sneak,6.14,HYPER/HYPONYMS
retreat,go,3.49,HYPER/HYPONYMS
run,rush,6.81,HYPER/HYPONYMS
lean,stand,3.98,COHYPONYMS
return,take,1.49,HYPER/HYPONYMS
rejoice,celebrate,8.3,NONE
choke,die,4.65,SYNONYMS
hate,shun,5.64,NONE
disown,renounce,7.64,SYNONYMS
reject,refuse,7.97,HYPER/HYPONYMS
teach,show,5.81,NONE
fight,disagree,5.98,NONE
debate,decide,4.65,NONE
follow,chase,7.14,HYPER/HYPONYMS
reject,disown,6.47,HYPER/HYPONYMS
desire,yearn,7.47,HYPER/HYPONYMS
die,smother,2.66,NONE
unite,combine,8.3,SYNONYMS
tell,notify,7.64,NONE
defrost,freeze,1.99,NONE
triumph,succeed,9.79,NONE
say,announce,8.3,HYPER/HYPONYMS
destroy,explode,4.15,HYPER/HYPONYMS
enjoy,participate,2.32,NONE
knit,crochet,4.98,HYPER/HYPONYMS
laugh,tickle,3.98,NONE
tell,convince,4.48,NONE
achieve,finish,5.48,NONE
scratch,rub,3.98,SYNONYMS
stamp,lick,0.17,NONE
hurt,ache,5.64,SYNONYMS
wrap,cover,8.47,HYPER/HYPONYMS
help,hurt,0,NONE
think,reflect,8.13,HYPER/HYPONYMS
follow,lead,0.17,ANTONYMS
run,operate,6.31,SYNONYMS
ignore,hurt,2.66,NONE
deny,prohibit,8.63,NONE
realize,set,1.16,NONE
exchange,swap,9.63,HYPER/HYPONYMS
assume,judge,5.81,HYPER/HYPONYMS
compound,mix,5.81,HYPER/HYPONYMS
destroy,crush,6.97,NONE
bleach,wash,3.98,NONE
accuse,defend,0.66,NONE
fade,vanish,6.97,HYPER/HYPONYMS
demand,command,6.14,HYPER/HYPONYMS
decline,descend,5.64,HYPER/HYPONYMS
spell,hypnotize,3.65,NONE
enter,admit,5.31,NONE
poach,boil,4.65,NONE
overcome,dominate,4.81,NONE
assume,suppose,9.13,HYPER/HYPONYMS
deliver,give,6.97,HYPER/HYPONYMS
prove,show,6.31,SYNONYMS
detach,attach,0.33,ANTONYMS
blow,hit,3.15,COHYPONYMS
detach,separate,8.13,HYPER/HYPONYMS
assist,aid,9.63,SYNONYMS
chew,bite,6.97,NONE
float,swim,4.65,COHYPONYMS
squeal,laugh,5.64,NONE
need,urge,4.65,NONE
spill,pour,4.65,COHYPONYMS
acquire,accumulate,8.47,NONE
retreat,run,5.64,COHYPONYMS
hurt,fall,2.32,NONE
respond,remark,5.15,NONE
correct,fix,8.3,NONE
remain,stay,9.13,SYNONYMS
blame,hate,3.15,NONE
flip,flap,1.99,NONE
glide,flow,4.15,NONE
drink,quench,6.34,NONE
have,retain,6.47,HYPER/HYPONYMS
scratch,hurt,4.32,NONE
go,leave,8.45,HYPER/HYPONYMS
begin,stop,0.33,ANTONYMS
scribble,write,6.97,HYPER/HYPONYMS
think,feel,3.32,HYPER/HYPONYMS
swim,dip,3.15,ANTONYMS
ascend,descend,1.06,ANTONYMS
erode,deteriorate,7.47,COHYPONYMS
evict,leave,4.32,NONE
flush,blush,5.31,SYNONYMS
rearrange,organize,8.13,COHYPONYMS
smell,sweat,4.32,NONE
dance,entertain,2.99,NONE
stumble,fall,7.47,NONE
demand,reprimand,2.82,NONE
humiliate,insult,5.98,NONE
crunch,bite,6.64,NONE
tell,announce,7.97,HYPER/HYPONYMS
smash,break,9.46,HYPER/HYPONYMS
stop,adjourn,7.97,HYPER/HYPONYMS
wash,soak,5.15,NONE
run,skip,4.15,NONE
reflect,shine,6.14,SYNONYMS
excuse,interrupt,0.66,NONE
speak,tell,6.81,NONE
complain,disagree,3.82,NONE
punch,fight,6.14,NONE
marry,wed,8.47,SYNONYMS
entertain,show,5.15,NONE
push,fight,4.98,HYPER/HYPONYMS
learn,read,2.32,SYNONYMS
shun,reject,7.97,NONE
decline,reject,9.13,SYNONYMS
explain,describe,8.13,HYPER/HYPONYMS
deny,admit,0.33,ANTONYMS
leave,excuse,4.38,NONE
dismiss,excuse,5.48,NONE
think,ponder,8.8,HYPER/HYPONYMS
hit,pinch,2.99,NONE
frighten,scare,8.96,NONE
whistle,hum,4.98,COHYPONYMS
play,perform,5.98,HYPER/HYPONYMS
leave,take,1.16,ANTONYMS
sell,barter,5.31,COHYPONYMS
wreck,drive,0.91,NONE
get,acquire,9.66,SYNONYMS
arrest,prosecute,3.49,NONE
snooze,doze,8.63,SYNONYMS
condemn,accuse,6.14,NONE
help,cry,0.66,NONE
conquer,dominate,6.64,NONE
receive,acquire,7.14,HYPER/HYPONYMS
unite,marry,5.98,HYPER/HYPONYMS
retreat,advance,0.33,ANTONYMS
catch,chase,3.49,NONE
jerk,pull,5.48,HYPER/HYPONYMS
assault,hurt,6.81,NONE
travel,roam,4.83,HYPER/HYPONYMS
attack,fight,6.97,HYPER/HYPONYMS
hitch,attach,3.82,HYPER/HYPONYMS
bother,interrupt,6.14,NONE
receive,deliver,1.49,NONE
capture,take,7.47,HYPER/HYPONYMS
move,leave,4.81,HYPER/HYPONYMS
achieve,try,4.15,NONE
retreat,charge,2.82,NONE
fasten,hold,4.32,NONE
rationalize,understand,5.98,NONE
restore,fix,7.8,SYNONYMS
come,leave,1,ANTONYMS
aggravate,frustrate,7.47,NONE
spank,hurt,4.15,NONE
smell,taste,2.49,COHYPONYMS
lower,raise,0,ANTONYMS
sink,dip,6.14,SYNONYMS
hate,ignore,1.49,NONE
strain,lift,1.83,NONE
console,comfort,8.3,SYNONYMS
play,lead,2.32,NONE
talk,console,2.99,NONE
tease,bother,4.98,HYPER/HYPONYMS
deny,lie,4.15,NONE
excel,advance,5.81,NONE
annoy,irritate,9.3,SYNONYMS
retreat,attack,0.83,NONE
drink,pop,0.5,HYPER/HYPONYMS
spank,hit,8.3,NONE
shatter,break,7.3,HYPER/HYPONYMS
lower,reduce,9.13,NONE
reappear,fix,1,NONE
sneak,hide,5.64,NONE
breathe,smother,0.66,NONE
adjourn,leave,4.81,NONE
persuade,urge,6.81,NONE
accumulate,gain,9.13,COHYPONYMS
wiggle,move,7.14,HYPER/HYPONYMS
renounce,deny,5.81,HYPER/HYPONYMS
miss,hit,0.17,ANTONYMS
vary,differ,8.63,HYPER/HYPONYMS
move,change,4.15,HYPER/HYPONYMS
tow,move,4.48,HYPER/HYPONYMS
tell,describe,7.64,NONE
punish,hit,4.48,NONE
talk,listen,1.16,NONE
urge,beg,4.98,NONE
grab,clench,6.47,COHYPONYMS
heal,help,5.31,HYPER/HYPONYMS
let,permit,8.13,SYNONYMS
search,look,9.63,SYNONYMS
lie,promise,0.33,COHYPONYMS
set,swing,1.66,HYPER/HYPONYMS
jog,run,7.47,HYPER/HYPONYMS
stain,tarnish,6.79,SYNONYMS
talk,say,8.96,NONE
diminish,fade,7.8,HYPER/HYPONYMS
ignore,disregard,7.8,SYNONYMS
die,kill,0.83,NONE
spank,slap,7.64,NONE
sew,crochet,6.81,NONE
talk,associate,4.15,NONE
touch,kiss,3.49,HYPER/HYPONYMS
loosen,tie,0.33,ANTONYMS
lie,assume,1.49,NONE
gather,collect,9.63,SYNONYMS
punish,reprimand,7.97,NONE
have,want,1.83,NONE
tote,carry,7.3,HYPER/HYPONYMS
fly,soar,8.3,HYPER/HYPONYMS
reduce,save,4.15,NONE
stop,stay,6.47,HYPER/HYPONYMS
spank,cry,1.16,NONE
obey,follow,7.97,HYPER/HYPONYMS
lose,control,0.17,NONE
glide,hang,1.66,NONE
grab,take,5.98,HYPER/HYPONYMS
hop,jump,6.81,HYPER/HYPONYMS
argue,disagree,6.64,NONE
slide,move,4.48,HYPER/HYPONYMS
incline,tend,5.15,SYNONYMS
stop,hesitate,5.15,NONE
toss,fling,8.13,HYPER/HYPONYMS
kneel,beg,4.81,NONE
stare,look,7.47,HYPER/HYPONYMS
disintegrate,perish,7.97,NONE
dislike,shun,5.81,NONE
deposit,return,0.6,NONE
stop,disallow,6.81,NONE
walk,crawl,2.32,COHYPONYMS
renounce,reject,7.47,HYPER/HYPONYMS
snore,snooze,4.15,NONE
look,see,7.97,HYPER/HYPONYMS
assault,aggravate,3.65,NONE
obtain,have,7.8,NONE
beware,watch,4.81,HYPER/HYPONYMS
talk,rap,4.32,HYPER/HYPONYMS
tell,lie,2.16,NONE
cover,spread,4.98,HYPER/HYPONYMS
descend,leave,2.66,NONE
take,snatch,7.8,HYPER/HYPONYMS
call,bluff,2.66,NONE
cover,hide,6.47,HYPER/HYPONYMS
pick,elect,7.47,COHYPONYMS
smear,rub,5.98,HYPER/HYPONYMS
keep,save,8.47,HYPER/HYPONYMS
decrease,increase,0.17,ANTONYMS
disprove,disagree,5.98,NONE
sow,sew,1.66,NONE
claim,sue,2.82,NONE
allow,go,2.66,NONE
triumph,win,9.79,HYPER/HYPONYMS
forget,leave,3.15,SYNONYMS
sit,lounge,6.47,HYPER/HYPONYMS
disappear,dissolve,6.47,NONE
defend,stand,1.66,HYPER/HYPONYMS
overcome,conquer,7.8,HYPER/HYPONYMS
deliver,bring,6.14,HYPER/HYPONYMS
kneel,sit,2.82,NONE
hurt,limp,2.99,NONE
disprove,reject,6.31,NONE
yell,holler,9.13,SYNONYMS
make,design,4.81,HYPER/HYPONYMS
like,want,3.82,HYPER/HYPONYMS
acquire,gain,8.8,HYPER/HYPONYMS
regret,dislike,3.15,NONE
accept,understand,7.3,HYPER/HYPONYMS
wiggle,giggle,0.83,NONE
hop,skip,5.81,SYNONYMS
push,pull,0.83,ANTONYMS
veer,turn,5.43,HYPER/HYPONYMS
assume,know,2.49,NONE
hurt,condemn,2.32,NONE
defrost,thaw,8.47,HYPER/HYPONYMS
scream,roar,7.14,HYPER/HYPONYMS
convince,talk,4.32,NONE
retreat,leave,8.47,NONE
annoy,confuse,2.49,NONE
reject,ignore,7.3,HYPER/HYPONYMS
destroy,diminish,5.64,NONE
haul,lift,6.14,NONE
wait,hesitate,6.14,HYPER/HYPONYMS
give,sell,2.32,HYPER/HYPONYMS
rise,lower,0.33,NONE
hurt,cry,2.49,NONE
multiply,increase,7.3,HYPER/HYPONYMS
stop,flow,0.17,NONE
prosecute,try,4.48,COHYPONYMS
justify,clarify,4.32,NONE
acknowledge,greet,5.64,NONE
scold,yell,6.47,NONE
shuffle,travel,1.66,HYPER/HYPONYMS
lose,fail,7.14,NONE
speak,renounce,3.98,NONE
come,go,1.83,HYPER/HYPONYMS
yell,criticize,1.83,NONE
bake,make,6.19,HYPER/HYPONYMS
originate,start,8.45,SYNONYMS
attack,tackle,5.15,HYPER/HYPONYMS
use,operate,8.47,NONE
run,flow,2.66,SYNONYMS
collect,acquire,6.97,HYPER/HYPONYMS
move,turn,4.81,HYPER/HYPONYMS
enter,leave,1.16,ANTONYMS
engage,marry,4.48,NONE
grab,reach,7.14,COHYPONYMS
agree,disagree,0.66,ANTONYMS
replace,fill,3.15,NONE
hurt,whip,3.98,NONE
whip,punish,5.81,NONE
yell,roar,7.47,HYPER/HYPONYMS
hurt,feel,5.15,COHYPONYMS
fall,bounce,1.66,COHYPONYMS
choose,pick,9.63,HYPER/HYPONYMS
sew,knit,5.98,NONE
perish,leave,1.33,NONE
ponder,toil,3.15,NONE
wipe,spill,1,NONE
affect,respond,1.66,NONE
deliver,send,6.14,NONE
fix,mend,9.3,SYNONYMS
evaluate,examine,7.8,HYPER/HYPONYMS
become,grow,5.15,HYPER/HYPONYMS
learn,know,5.64,NONE
glare,reflect,3.49,HYPER/HYPONYMS
cook,boil,5.98,COHYPONYMS
lead,direct,6.97,SYNONYMS
talk,reply,5.31,NONE
inspect,search,6.31,COHYPONYMS
respond,talk,4.98,NONE
argue,differ,6.14,NONE
betray,cheat,7.3,SYNONYMS
decrease,decline,6.64,HYPER/HYPONYMS
increase,reduce,1.33,NONE
blur,smear,7.47,SYNONYMS
irritate,frustrate,7.8,HYPER/HYPONYMS
sell,hustle,3.65,COHYPONYMS
release,unload,7.14,NONE
want,demand,4.48,HYPER/HYPONYMS
swear,damn,6.14,NONE
squint,glare,3.82,NONE
yell,hoot,3.49,NONE
result,finish,6.64,NONE
kick,hurt,3.98,NONE
incline,decline,0.33,NONE
leave,ascend,0.66,COHYPONYMS
be,become,5.81,NONE
hypnotize,control,5.48,NONE
leave,return,0.15,NONE
despair,upset,3.65,NONE
determine,guess,1.99,NONE
beg,ask,4.48,COHYPONYMS
kneel,bend,4.81,NONE
pelt,hit,6.81,NONE
lie,admit,3.32,NONE
pinch,punch,2.99,NONE
hit,pat,3.98,NONE
prosecute,charge,6.31,NONE
convince,explain,5.31,NONE
retain,keep,9.46,HYPER/HYPONYMS
magnify,look,5.81,NONE
join,unite,9.3,HYPER/HYPONYMS
differ,disagree,8.3,SYNONYMS
lie,disbelieve,1.49,NONE
annoy,mimic,1.33,NONE
retain,hold,8.13,HYPER/HYPONYMS
exist,live,8.3,SYNONYMS
keep,find,3.49,NONE
receive,take,5.98,HYPER/HYPONYMS
know,think,2.57,HYPER/HYPONYMS
send,get,1.83,NONE
recommend,suggest,8.47,HYPER/HYPONYMS
beat,whip,5.81,HYPER/HYPONYMS
pelt,throw,5.98,HYPER/HYPONYMS
win,lose,1.66,ANTONYMS
hit,punch,7.64,HYPER/HYPONYMS
appear,reappear,4.65,HYPER/HYPONYMS
like,adore,5.15,NONE
jump,flip,3.98,COHYPONYMS
magnify,see,3.98,NONE
argue,discuss,4.15,NONE
guess,know,1.83,NONE
remark,say,7.97,HYPER/HYPONYMS
burst,explode,8.13,SYNONYMS
notify,inform,8.75,HYPER/HYPONYMS
prepare,fix,3.15,HYPER/HYPONYMS
erode,decay,7.8,HYPER/HYPONYMS
do,participate,7.97,NONE
reduce,diminish,6.81,HYPER/HYPONYMS
explain,understand,1.66,NONE
crawl,run,1.33,COHYPONYMS
fasten,attach,8.47,HYPER/HYPONYMS
embarrass,blush,5.48,NONE
hurt,bite,4.48,HYPER/HYPONYMS
ignore,avoid,8.47,NONE
cry,sob,8.96,HYPER/HYPONYMS
flex,stretch,6.47,COHYPONYMS
deny,forbid,8.47,NONE
pinch,squeeze,6.64,SYNONYMS
conquer,win,7.47,NONE
grant,give,6.97,HYPER/HYPONYMS
perish,disappear,3.62,NONE
prohibit,ban,9.3,HYPER/HYPONYMS
shrink,reduce,9.13,SYNONYMS
command,tell,7.8,HYPER/HYPONYMS
teach,inform,6.81,HYPER/HYPONYMS
waste,decompose,4.81,NONE
demand,supply,3.15,NONE
cry,upset,5.98,NONE
suggest,say,5.81,HYPER/HYPONYMS
beg,need,3.65,NONE
lose,gain,0.33,ANTONYMS
abduct,kidnap,8.63,SYNONYMS
give,disown,0.5,NONE
sway,swing,7.47,SYNONYMS
urge,crave,4.15,NONE
broil,cook,6.97,HYPER/HYPONYMS
disallow,forbid,8.8,SYNONYMS
melt,defrost,8.8,HYPER/HYPONYMS
reproduce,breed,9.46,HYPER/HYPONYMS
invent,make,6.64,HYPER/HYPONYMS
spell,write,5.31,SYNONYMS
push,shove,9.3,HYPER/HYPONYMS
carry,hold,7.09,HYPER/HYPONYMS
slide,swing,3.49,COHYPONYMS
collect,keep,5.15,HYPER/HYPONYMS
stray,wander,7.47,SYNONYMS
remove,strip,7.47,HYPER/HYPONYMS
decompose,destroy,5.48,NONE
crackle,crunch,6.31,SYNONYMS
think,hesitate,2.99,NONE
pretend,imagine,6.97,NONE
bump,hit,7.3,HYPER/HYPONYMS
appear,come,3.65,NONE
examine,inspect,8.96,HYPER/HYPONYMS
increase,accelerate,5.89,HYPER/HYPONYMS
presume,believe,5.31,NONE
acknowledge,exist,2.32,NONE
grind,grate,6.47,SYNONYMS
pop,explode,6.97,NONE
tell,listen,0.66,NONE
drive,permit,1.16,NONE
break,unite,0.5,COHYPONYMS
smell,touch,1,COHYPONYMS
release,relax,4.48,NONE
beat,abuse,6.81,NONE
bother,aggravate,7.3,NONE
grasp,hold,9.3,HYPER/HYPONYMS
take,seize,8.13,HYPER/HYPONYMS
acquire,buy,7.3,HYPER/HYPONYMS
create,reproduce,5.15,HYPER/HYPONYMS
explode,blow,5.81,NONE
perceive,think,6.34,NONE
wander,search,6.97,NONE
whisper,scream,0.33,NONE
punch,drink,0.83,NONE
grab,pick,6.81,NONE
bend,stretch,6.14,NONE
pour,drip,3.15,HYPER/HYPONYMS
yell,announce,5.89,NONE
inform,ask,2.49,COHYPONYMS
acknowledge,accept,6.81,HYPER/HYPONYMS
repair,replace,2.66,NONE
destroy,corrupt,5.81,NONE
look,review,6.14,NONE
crush,grind,7.47,COHYPONYMS
do,stop,0.33,NONE
go,strive,2.57,NONE
pop,burst,8.8,HYPER/HYPONYMS
make,break,0.17,ANTONYMS
weave,knit,6.14,COHYPONYMS
lose,gamble,1.83,NONE
lean,lay,2.32,HYPER/HYPONYMS
determine,decide,7.8,HYPER/HYPONYMS
hurt,strain,5.81,NONE
adore,admire,7.8,NONE
pay,treat,5.15,NONE
usurp,use,1.49,NONE
wander,worry,1.66,NONE
disguise,hide,7.97,HYPER/HYPONYMS
steal,cheat,3.98,NONE
change,differ,5.81,NONE
observe,see,9.3,HYPER/HYPONYMS
cough,sneeze,3.15,NONE
prefer,want,6.14,NONE
leave,flee,7.8,HYPER/HYPONYMS
mistreat,hurt,6.14,NONE
kill,overpower,3.49,HYPER/HYPONYMS
cry,tease,1.51,NONE
defend,justify,6.81,HYPER/HYPONYMS
depart,go,9.63,SYNONYMS
design,invent,6.47,COHYPONYMS
knock,tap,5.31,SYNONYMS
let,do,0.66,NONE
disperse,separate,5.31,HYPER/HYPONYMS
reap,sow,0.66,NONE
squeak,squeal,7.47,NONE
begin,finish,1.83,ANTONYMS
throw,fling,8.3,HYPER/HYPONYMS
interrupt,break,4.65,SYNONYMS
justify,argue,5.48,HYPER/HYPONYMS
pluck,pull,6.47,HYPER/HYPONYMS
evaluate,judge,8.47,HYPER/HYPONYMS
diminish,shrink,6.97,HYPER/HYPONYMS
flush,embarrass,4.65,NONE
make,create,8.6,SYNONYMS
change,become,5.48,HYPER/HYPONYMS
advise,help,6.97,NONE
bump,knock,7.47,SYNONYMS
pounce,hit,2.49,NONE
crackle,snap,3.92,NONE
listen,watch,1.16,NONE
hurt,burn,2.99,HYPER/HYPONYMS
achieve,excel,7.64,NONE
surprise,overwhelm,4.81,NONE
leave,visit,1.99,NONE
arrest,suspect,3.82,NONE
accomplish,finish,6.97,HYPER/HYPONYMS
tell,predict,5.48,HYPER/HYPONYMS
spring,bounce,8.8,HYPER/HYPONYMS
accept,decline,0,ANTONYMS
laugh,enjoy,5.98,NONE
admit,say,4.98,NONE
win,overcome,5.31,NONE
portray,imitate,7.64,NONE
rip,mend,1.49,NONE
hold,stay,4.48,COHYPONYMS
choke,smother,6.14,NONE
cook,fry,6.64,HYPER/HYPONYMS
dunk,soak,5.48,COHYPONYMS
jump,pounce,7.97,NONE
help,scream,1.16,NONE
grab,snatch,7.97,COHYPONYMS
humiliate,laugh,0.17,NONE
review,read,4.32,NONE
wear,fit,4.81,NONE
confuse,frustrate,5.15,NONE
go,enter,5.81,NONE
repeat,mimic,8.13,NONE
fly,ascend,6.64,COHYPONYMS
do,dare,1.66,NONE
win,accomplish,5.81,HYPER/HYPONYMS
vanish,diminish,6.81,HYPER/HYPONYMS
dance,tap,2.66,HYPER/HYPONYMS
fit,trim,3.65,HYPER/HYPONYMS
send,give,5.48,HYPER/HYPONYMS
add,accumulate,8.47,COHYPONYMS
give,lend,6.49,HYPER/HYPONYMS
disappoint,betray,3.49,HYPER/HYPONYMS
forbid,stop,7.8,HYPER/HYPONYMS
blame,accuse,8.47,HYPER/HYPONYMS
disallow,discourage,5.48,NONE
recommend,tell,4.48,HYPER/HYPONYMS
win,dominate,3.65,NONE
dissolve,melt,6.31,HYPER/HYPONYMS
slither,crawl,6.81,COHYPONYMS
grab,seize,7.14,HYPER/HYPONYMS
swim,drown,1.49,SYNONYMS
discover,invent,5.31,NONE
tell,remind,5.64,NONE
call,talk,4.98,HYPER/HYPONYMS
justify,explain,8.13,HYPER/HYPONYMS
tease,play,5.48,NONE
fill,cover,3.49,NONE
help,warn,3.82,NONE
put,give,2.99,HYPER/HYPONYMS
avoid,shun,7.47,HYPER/HYPONYMS
relax,soothe,6.31,NONE
hate,despise,9.46,HYPER/HYPONYMS
understand,clarify,4.15,NONE
fix,heal,7.09,NONE
capture,release,0.66,NONE
achieve,strive,4.15,NONE
condemn,ridicule,4.48,NONE
educate,inform,8.47,HYPER/HYPONYMS
upset,disappoint,6.97,NONE
reduce,subtract,8.8,HYPER/HYPONYMS
follow,trail,7.47,HYPER/HYPONYMS
hustle,dance,3.82,NONE
cast,break,1.33,NONE
greet,meet,5.98,NONE
breathe,exhale,7.8,HYPER/HYPONYMS
attend,come,8.75,COHYPONYMS
hurt,insult,5.81,HYPER/HYPONYMS
strive,seek,6.97,HYPER/HYPONYMS
mend,heal,6.81,SYNONYMS
steal,snatch,6.34,NONE
lie,lay,6.31,SYNONYMS
stop,wait,5.31,NONE
incline,rise,3.62,NONE
swim,meet,0.5,NONE
change,turn,4.15,HYPER/HYPONYMS
forgive,beg,0.66,NONE
hide,scare,2.16,NONE
rearrange,move,8.3,HYPER/HYPONYMS
build,construct,9.96,SYNONYMS
hit,attack,6.81,HYPER/HYPONYMS
criticize,offend,3.32,NONE
lick,taste,4.98,NONE
succeed,achieve,7.8,HYPER/HYPONYMS
exchange,return,5.48,NONE
annoy,disturb,7.3,NONE
broil,burn,2.66,NONE
convince,agree,1.16,NONE
complain,annoy,2.66,NONE
slap,pat,2.99,NONE
fasten,loosen,0.33,NONE
overcome,triumph,8.63,NONE
scratch,scribble,4.15,NONE
crash,smash,6.81,COHYPONYMS
sip,swallow,5.15,NONE
sniff,scratch,0.5,NONE
decide,analyze,2.66,NONE
swap,fly,1,COHYPONYMS
avoid,miss,9.13,HYPER/HYPONYMS
try,convince,1.83,NONE
enjoy,live,2.82,NONE
respect,acknowledge,4.98,COHYPONYMS
concentrate,learn,3.49,NONE
perish,die,9.46,SYNONYMS
slip,slide,5.73,SYNONYMS
irritate,bother,8.63,SYNONYMS
destroy,make,2.26,NONE
divide,separate,7.97,SYNONYMS
lounge,relax,7.8,NONE
appear,show,4.98,HYPER/HYPONYMS
toss,catch,3.49,NONE
leap,bound,7.64,SYNONYMS
change,shift,6.81,HYPER/HYPONYMS
hurt,disappoint,5.15,NONE
conquer,control,6.47,HYPER/HYPONYMS
despair,cry,5.64,NONE
divide,split,9.3,SYNONYMS
bluff,lie,7.14,NONE
sip,slurp,5.81,NONE
cook,poach,3.92,HYPER/HYPONYMS
smash,crush,9.46,SYNONYMS
sneeze,sniff,2.82,NONE
throw,kick,1.66,COHYPONYMS
flap,cover,0.66,NONE
dip,chew,1.99,NONE
pull,press,2.49,ANTONYMS
embarrass,insult,5.15,NONE
talk,persuade,4.15,NONE
disguise,cover,5.58,COHYPONYMS
shine,rise,2.16,NONE
hold,seize,4.81,NONE
get,give,1.49,HYPER/HYPONYMS
attend,leave,1.16,NONE
prosper,gain,7.3,NONE
predict,guess,7.8,HYPER/HYPONYMS
hamper,bother,4.98,NONE
move,walk,6.81,HYPER/HYPONYMS
stir,blend,7.14,NONE
leave,travel,5.98,NONE
hesitate,pause,8.13,SYNONYMS
tap,rap,4.48,SYNONYMS
combine,add,7.64,HYPER/HYPONYMS
like,enjoy,8.63,HYPER/HYPONYMS
travel,fly,5.48,HYPER/HYPONYMS
move,haul,7.14,HYPER/HYPONYMS
die,condemn,1.33,NONE
sting,bite,3.32,SYNONYMS
build,accumulate,3.98,NONE
wear,adorn,3.98,NONE
pick,prefer,6.47,NONE
wag,move,3.62,HYPER/HYPONYMS
send,return,1.99,HYPER/HYPONYMS
hurt,squeeze,2.82,NONE
separate,remove,5.15,NONE
ignore,forget,2.32,NONE
depend,rely,9.46,HYPER/HYPONYMS
release,give,3.32,COHYPONYMS
soak,drench,9.13,SYNONYMS
advance,pay,2.99,NONE
catch,lose,1,NONE
roam,follow,2.82,NONE
read,spell,1.33,NONE
excel,win,6.14,NONE
forbid,allow,0.17,ANTONYMS
tan,burn,3.65,NONE
pause,stop,6.64,COHYPONYMS
confess,deny,0,NONE
express,say,6.31,HYPER/HYPONYMS
change,rearrange,7.3,NONE
win,defeat,1.49,NONE
disintegrate,destroy,6.97,NONE
prohibit,allow,0.5,ANTONYMS
allow,ban,1.49,NONE
swallow,gulp,8.13,COHYPONYMS
shuffle,ride,1,NONE
argue,agree,1.66,NONE
slip,cover,2.16,NONE
punish,scold,6.94,NONE
fall,stand,0.83,COHYPONYMS
confess,tell,6.31,NONE
condemn,punish,6.14,NONE
fade,tarnish,2.49,NONE
fade,disappear,8.3,HYPER/HYPONYMS
urge,suggest,5.89,HYPER/HYPONYMS
confuse,explain,1.16,NONE
demolish,break,7.47,NONE
attend,go,7.14,COHYPONYMS
rap,knock,6.64,HYPER/HYPONYMS
direct,steer,6.97,SYNONYMS
transplant,replace,4.98,NONE
hurt,soar,0.66,NONE
crunch,break,4.81,HYPER/HYPONYMS
warn,tell,6.14,HYPER/HYPONYMS
recruit,get,6.47,HYPER/HYPONYMS
decorate,adorn,6.81,SYNONYMS
run,hustle,3.15,COHYPONYMS
have,give,1.49,SYNONYMS
sip,stir,1.16,NONE
chop,grate,3.49,NONE
suspect,think,6.64,HYPER/HYPONYMS
hate,like,1.16,NONE
prohibit,disallow,9.63,SYNONYMS
aim,shoot,3.32,NONE
fix,alter,4.32,HYPER/HYPONYMS
compete,fight,6.14,NONE
ridicule,criticize,5.15,NONE
obtain,acquire,9.79,HYPER/HYPONYMS
succeed,prosper,7.8,NONE
glide,fly,7.14,HYPER/HYPONYMS
duplicate,repeat,7.14,SYNONYMS
gather,recruit,5.48,NONE
replace,give,1.83,NONE
ask,try,1.33,NONE
make,prepare,7.3,HYPER/HYPONYMS
touch,pat,7.3,HYPER/HYPONYMS
show,hide,2.16,ANTONYMS
remember,remind,5.98,NONE
disintegrate,integrate,1.06,ANTONYMS
annihilate,demolish,8.6,NONE
hit,knock,5.98,HYPER/HYPONYMS
cry,humiliate,2.16,NONE
testify,judge,3.15,NONE
call,notify,5.64,NONE
forget,remember,0.17,ANTONYMS
talk,participate,3.98,NONE
spend,use,3.49,NONE
try,succeed,3.98,NONE
punish,spank,5.89,NONE
grow,raise,7.14,SYNONYMS
steal,lie,2.66,NONE
blur,see,1.49,NONE
holler,scold,4.65,NONE
descend,fall,8.3,SYNONYMS
jump,leap,9.63,SYNONYMS
recruit,join,3.98,NONE
fight,hit,6.31,HYPER/HYPONYMS
shake,bake,0.17,NONE
decide,choose,8.8,HYPER/HYPONYMS
do,achieve,6.81,NONE
fight,struggle,5.81,SYNONYMS
think,guess,2.99,SYNONYMS
define,clarify,7.3,NONE
speak,talk,9.3,SYNONYMS
separate,split,9.13,SYNONYMS
cast,play,4.48,NONE
condemn,damn,9.63,NONE
replace,remove,3.15,NONE
throw,chuck,8.47,HYPER/HYPONYMS
accept,take,8.3,SYNONYMS
strain,struggle,6.97,HYPER/HYPONYMS
steer,veer,3.49,NONE
break,burst,5.31,HYPER/HYPONYMS
criticize,hate,2.66,NONE
burn,fry,5.81,NONE
attack,pounce,5.98,NONE
sip,taste,4.48,NONE
hope,despair,0.33,ANTONYMS
decorate,change,4.48,HYPER/HYPONYMS
say,tell,7.47,SYNONYMS
originate,create,5.64,HYPER/HYPONYMS
lie,believe,0.17,NONE
hurt,sting,4.81,HYPER/HYPONYMS
crash,break,5.64,HYPER/HYPONYMS
remove,leave,4.48,NONE
hold,release,1.16,ANTONYMS
walk,ride,1,ANTONYMS
urge,want,3.32,NONE
make,construct,7.97,HYPER/HYPONYMS
fix,solve,7.47,NONE
promise,break,0.33,NONE
leave,arrive,0.17,ANTONYMS
pretend,play,5.31,HYPER/HYPONYMS
explode,erupt,8.3,HYPER/HYPONYMS
agree,accept,6.81,HYPER/HYPONYMS
steal,borrow,2.49,NONE
learn,think,5.64,NONE
turn,stir,4.68,COHYPONYMS
presume,guess,6.97,NONE
munch,crunch,6.14,SYNONYMS
pay,receive,1.83,NONE
destroy,condemn,1.16,NONE
admit,confess,9.13,HYPER/HYPONYMS
integrate,blend,7.3,NONE
crack,break,7.64,SYNONYMS
respect,salute,4.81,NONE
rearrange,fix,2.32,NONE
move,hustle,4.65,HYPER/HYPONYMS
snap,bite,6.47,HYPER/HYPONYMS
excuse,lie,3.82,NONE
dominate,control,7.8,HYPER/HYPONYMS
speak,communicate,8.47,HYPER/HYPONYMS
destroy,restore,0.83,NONE
despair,help,0.15,NONE
bump,push,3.62,NONE
persuade,change,4.65,HYPER/HYPONYMS
hurt,sprain,5.81,HYPER/HYPONYMS
divide,subtract,2.16,COHYPONYMS
understand,develop,3.15,NONE
bother,disturb,8.13,HYPER/HYPONYMS
gamble,waste,3.15,NONE
explain,excuse,2.32,SYNONYMS
calculate,determine,6.47,NONE
offend,defend,1,NONE
comfort,soothe,7.3,SYNONYMS
connect,join,8.63,HYPER/HYPONYMS
dip,dunk,7.3,SYNONYMS
grasp,clench,8.8,NONE
hold,squeeze,3.15,HYPER/HYPONYMS
hurry,hustle,5.98,NONE
strain,drain,3.49,NONE
sing,perform,4.98,HYPER/HYPONYMS
kill,smother,4.81,HYPER/HYPONYMS
say,reply,6.47,HYPER/HYPONYMS
look,seek,8.13,NONE
put,lay,4.98,SYNONYMS
think,analyze,7.97,NONE
giggle,laugh,9.3,HYPER/HYPONYMS
comfort,snuggle,6.97,NONE
hate,kill,1.33,NONE
despise,like,1.33,NONE
grant,assume,1.99,NONE
deny,accuse,1.66,NONE
admire,like,8.8,NONE
rely,need,3.82,NONE
die,disintegrate,3.15,NONE
squeeze,hug,6.64,SYNONYMS
speak,remark,6.64,NONE
climb,ascend,8.3,COHYPONYMS
seem,look,3.98,SYNONYMS
live,survive,6.81,SYNONYMS
exchange,barter,7.64,HYPER/HYPONYMS
go,wait,0.3,COHYPONYMS
fold,bend,8.13,NONE
let,give,4.81,HYPER/HYPONYMS
waste,want,0.33,NONE
increase,decline,0.5,NONE
look,perceive,4.98,NONE
pause,break,6.64,HYPER/HYPONYMS
drift,sway,5.43,NONE
develop,build,7.47,HYPER/HYPONYMS
request,ask,8.3,HYPER/HYPONYMS
roam,wander,9.13,SYNONYMS
fail,cheat,1.33,NONE
sing,rejoice,3.15,NONE
accumulate,gather,8.96,SYNONYMS
succeed,attempt,2.16,NONE
save,spare,5.98,SYNONYMS
prohibit,forbid,9.46,SYNONYMS
wander,drift,8.13,SYNONYMS
grab,grasp,7.47,NONE
attack,hurt,6.31,NONE
forgive,forget,1,NONE
obey,listen,5.81,HYPER/HYPONYMS
like,dislike,0.17,ANTONYMS
bounce,jump,6.81,HYPER/HYPONYMS
throw,toss,8.6,HYPER/HYPONYMS
argue,disprove,6.47,NONE
defrost,cook,1.66,NONE
seek,hide,0.17,NONE
wreck,destroy,9.13,HYPER/HYPONYMS
buzz,fly,3.65,HYPER/HYPONYMS
stop,move,0,NONE
debate,argue,7.97,SYNONYMS
break,split,7.47,HYPER/HYPONYMS
lose,stray,2.82,NONE
draw,design,5.81,COHYPONYMS
worry,concern,7.8,SYNONYMS
update,inform,6.14,HYPER/HYPONYMS
remark,reply,6.64,NONE
move,flow,6.64,HYPER/HYPONYMS
jump,run,0.83,COHYPONYMS
return,reappear,6.64,HYPER/HYPONYMS
wait,hold,5.15,HYPER/HYPONYMS
lower,lift,1.49,ANTONYMS
breathe,live,2.16,HYPER/HYPONYMS
hate,dislike,6.47,HYPER/HYPONYMS
munch,chew,9.3,HYPER/HYPONYMS
steal,buy,1.16,NONE
separate,depart,4.65,NONE
announce,renounce,1.49,NONE
hit,run,0.17,COHYPONYMS
talk,whisper,5.31,HYPER/HYPONYMS
drink,slurp,6.94,NONE
lay,stand,0.66,HYPER/HYPONYMS
move,vacate,6.14,NONE
demand,ask,3.32,SYNONYMS
instruct,teach,8.8,SYNONYMS
look,find,4.98,NONE
return,go,2.49,HYPER/HYPONYMS
disappoint,fail,5.58,HYPER/HYPONYMS
bend,lean,5.31,HYPER/HYPONYMS
listen,understand,5.15,NONE
leave,disperse,5.64,NONE
introduce,know,2.49,NONE
ignore,acknowledge,1,ANTONYMS
deceive,cheat,8.3,COHYPONYMS
develop,learn,6.64,HYPER/HYPONYMS
announce,speak,6.64,NONE
decorate,fix,3.15,COHYPONYMS
win,achieve,7.8,HYPER/HYPONYMS
grow,develop,8.13,SYNONYMS
push,press,6.47,HYPER/HYPONYMS
look,evaluate,5.15,HYPER/HYPONYMS
know,realize,6.31,HYPER/HYPONYMS
lose,disown,1.33,NONE
repair,fix,9.96,SYNONYMS
drink,blend,1,NONE
fail,discourage,2.82,NONE
multiply,divide,0.5,ANTONYMS
punish,prosecute,7.64,NONE
debate,fight,6.64,NONE
convince,argue,4.15,NONE
inform,tell,8.63,HYPER/HYPONYMS
earn,spend,1.16,NONE
live,die,0.5,NONE
disappear,appear,0.83,ANTONYMS
mix,drink,0.83,NONE
cry,tear,3.32,HYPER/HYPONYMS
capture,catch,9.3,SYNONYMS
control,operate,7.8,HYPER/HYPONYMS
add,gain,6.81,COHYPONYMS
diminish,deteriorate,7.64,NONE
destroy,conquer,6.14,NONE
read,comprehend,5.81,NONE
promise,keep,3.49,NONE
borrow,return,0.5,NONE
take,steal,6.31,HYPER/HYPONYMS
disperse,give,5.15,NONE
seem,be,4.81,HYPER/HYPONYMS
sneeze,bless,0.33,NONE
discover,learn,6.81,SYNONYMS
sink,swim,1,ANTONYMS
seek,find,6.47,NONE
chase,run,5.64,NONE
increase,magnify,6.81,HYPER/HYPONYMS
dunk,sink,4.32,NONE
bother,nag,7.97,NONE
tell,respond,3.98,HYPER/HYPONYMS
reappear,show,4.81,COHYPONYMS
agree,please,5.48,NONE
create,destroy,1,NONE
learn,understand,6.31,NONE
explain,clarify,8.8,HYPER/HYPONYMS
attend,join,3.82,NONE
unite,tie,3.32,NONE
collect,accumulate,8.47,SYNONYMS
cuddle,hug,8.47,HYPER/HYPONYMS
seize,grasp,7.47,NONE
enter,participate,7.14,SYNONYMS
move,transplant,6.31,HYPER/HYPONYMS
drink,stir,1.33,NONE
hang,kill,4.32,HYPER/HYPONYMS
ask,plead,4.81,NONE
evaluate,determine,6.47,NONE
decompose,deteriorate,7.97,NONE
steal,abduct,5.64,NONE
break,restore,0.33,COHYPONYMS
obtain,receive,8.13,SYNONYMS
perceive,deceive,0.17,NONE
define,explain,8.3,NONE
hold,capture,7.97,HYPER/HYPONYMS
detach,tear,6.79,NONE
preview,watch,6.14,HYPER/HYPONYMS
lean,trim,2.41,NONE
stop,yield,5.48,NONE
chew,swallow,2.99,NONE
argue,yell,5.48,NONE
look,analyze,5.48,NONE
exchange,replace,6.14,HYPER/HYPONYMS
smash,hit,6.47,HYPER/HYPONYMS
hold,embrace,8.3,HYPER/HYPONYMS
grind,dance,4.81,HYPER/HYPONYMS
split,detach,5.31,NONE
buy,replace,4.32,NONE
snore,annoy,1.49,NONE
break,detach,6.14,HYPER/HYPONYMS
play,show,2.32,NONE
punish,hurt,4.98,NONE
hate,regret,1,NONE
analyze,criticize,5.31,NONE
win,succeed,8.47,SYNONYMS
fly,flutter,5.15,NONE
walk,wander,7.14,NONE
glow,shine,8.63,SYNONYMS
scold,reprimand,9.63,SYNONYMS
dig,bury,3.82,NONE
exhale,inhale,1,ANTONYMS
lay,relax,5.98,NONE
depart,leave,9.66,HYPER/HYPONYMS
forget,learn,0.5,NONE
toss,chuck,9.13,SYNONYMS
get,bring,3.62,SYNONYMS
help,please,2.49,NONE
slide,slither,6.47,SYNONYMS
refrain,keep,2.32,NONE
beat,fight,5.81,NONE
urge,desire,6.64,NONE
discourage,disappoint,3.98,NONE
soothe,hurt,0.5,NONE
fasten,snap,5.31,NONE
sink,fall,4.48,HYPER/HYPONYMS
give,award,6.31,HYPER/HYPONYMS
integrate,mix,6.81,HYPER/HYPONYMS
kill,crush,2.99,NONE
accuse,prosecute,5.48,NONE
spread,gather,0.66,ANTONYMS
accomplish,overcome,5.81,NONE
touch,grab,4.65,HYPER/HYPONYMS
grind,bump,3.82,COHYPONYMS
shake,stir,4.15,SYNONYMS
pick,pluck,5.98,SYNONYMS
return,come,3.02,COHYPONYMS
lift,push,1.99,COHYPONYMS
squeeze,play,0.66,NONE
vanish,disappear,9.46,SYNONYMS
betray,deceive,7.3,HYPER/HYPONYMS
persuade,convince,8.8,HYPER/HYPONYMS
give,exchange,3.15,COHYPONYMS
scare,shake,1.16,HYPER/HYPONYMS
flip,turn,6.31,HYPER/HYPONYMS
snap,crack,6.81,SYNONYMS
cheat,lose,1.16,NONE
see,acknowledge,5.64,NONE
return,retreat,6.31,COHYPONYMS
cheat,lie,5.15,NONE
pop,snap,4.48,COHYPONYMS
fall,catch,1,HYPER/HYPONYMS
see,glance,6.47,NONE
excuse,rationalize,5.15,SYNONYMS
decrease,diminish,7.97,SYNONYMS
deny,object,7.24,NONE
freeze,thaw,0,NONE
conquer,defeat,6.81,HYPER/HYPONYMS
discuss,debate,5.81,NONE
know,decide,2.99,NONE
snooze,nap,8.8,HYPER/HYPONYMS
believe,doubt,1,NONE
walk,stand,3.15,NONE
acknowledge,know,3.98,SYNONYMS
draw,write,4.98,HYPER/HYPONYMS
greet,introduce,6.49,NONE
overwhelm,overcome,2.72,SYNONYMS
refuse,deny,7.8,HYPER/HYPONYMS
accuse,frame,3.49,NONE
croak,die,7.97,SYNONYMS
wait,call,0.66,HYPER/HYPONYMS
play,practice,2.66,NONE
ascend,rise,8.96,HYPER/HYPONYMS
poise,stand,5.64,COHYPONYMS
hug,kiss,2.49,NONE
perceive,hear,4.15,HYPER/HYPONYMS
rationalize,talk,2.99,NONE
say,repeat,3.65,HYPER/HYPONYMS
stop,retain,2.32,ANTONYMS
run,sweat,3.32,NONE
flutter,move,5.98,HYPER/HYPONYMS
engage,start,5.81,NONE
recommend,advise,8.63,HYPER/HYPONYMS
delay,start,0.33,NONE
give,pay,4.81,HYPER/HYPONYMS
amaze,surprise,8.13,HYPER/HYPONYMS
glide,soar,7.47,HYPER/HYPONYMS
melt,boil,4.48,NONE
spend,buy,6.97,NONE
dislike,despise,8.63,HYPER/HYPONYMS
break,fix,1.16,ANTONYMS
give,demand,0.66,ANTONYMS
polish,rub,5.48,NONE
fail,succeed,1.49,ANTONYMS
conquer,beat,8.47,COHYPONYMS
smother,cover,7.14,HYPER/HYPONYMS
die,decay,5.98,COHYPONYMS
assume,think,5.15,COHYPONYMS
go,run,2.82,HYPER/HYPONYMS
walk,run,2.99,COHYPONYMS
walk,roam,5.98,NONE
wait,stand,2.82,NONE
preview,review,5.15,NONE
judge,accuse,4.32,NONE
understand,acknowledge,5.48,NONE
leave,wait,0.66,NONE
dance,flash,0.66,NONE
desire,want,9.46,SYNONYMS
convince,believe,5.15,NONE
run,move,6.31,HYPER/HYPONYMS
humiliate,degrade,8.63,HYPER/HYPONYMS
move,unload,4.15,HYPER/HYPONYMS
take,abduct,7.47,HYPER/HYPONYMS
accuse,lie,0.66,NONE
scramble,mix,7.14,COHYPONYMS
multiply,reproduce,8.13,HYPER/HYPONYMS
win,fail,0.33,ANTONYMS
insult,degrade,7.8,NONE
excuse,justify,5.15,HYPER/HYPONYMS
hate,disgust,4.98,NONE
hit,hurt,4.23,HYPER/HYPONYMS
succeed,excel,7.8,NONE
disappear,disintegrate,5.43,NONE
pay,raise,1.66,NONE
deny,stop,3.82,NONE
stand,sit,1.33,ANTONYMS
worry,think,2.57,HYPER/HYPONYMS
exist,be,8.47,SYNONYMS
tire,tread,1.99,NONE
swim,tread,4.65,NONE
lay,sit,2.99,HYPER/HYPONYMS
decompose,die,2.82,NONE
stay,sit,5.15,NONE
get,receive,7.97,HYPER/HYPONYMS
urge,convince,5.58,NONE
reappear,see,3.15,NONE
drain,sink,3.15,NONE
deliver,arrive,4.68,NONE
think,suppose,6.64,HYPER/HYPONYMS
discover,find,9.13,SYNONYMS
lift,raise,9.13,SYNONYMS
play,enjoy,4.98,COHYPONYMS
incline,lean,5.81,SYNONYMS
climb,descend,0.33,NONE
smear,smudge,8.13,SYNONYMS
mix,combine,8.13,SYNONYMS
advise,talk,4.81,HYPER/HYPONYMS
achieve,fail,0.15,NONE
obtain,take,7.64,HYPER/HYPONYMS
assume,predict,3.98,NONE
punch,slap,5.31,NONE
attach,combine,6.64,NONE
walk,tread,6.97,HYPER/HYPONYMS
learn,educate,3.49,HYPER/HYPONYMS
pull,grab,3.49,NONE
ascend,fall,0.66,ANTONYMS
defend,attack,1,ANTONYMS
build,restore,4.98,NONE
forget,remind,0.5,NONE
correct,disprove,2.26,NONE
drink,sip,7.64,HYPER/HYPONYMS
bound,jump,5.64,SYNONYMS
stare,watch,7.64,NONE
scramble,run,4.65,COHYPONYMS
beat,pelt,4.81,NONE
judge,criticize,5.98,NONE
save,protect,7.97,NONE
run,avoid,3.98,NONE
join,belong,5.98,NONE
cast,throw,4.98,SYNONYMS
aid,help,9.3,SYNONYMS
beware,warn,7.14,NONE
tie,fasten,7.8,HYPER/HYPONYMS
play,amuse,4.81,NONE
tell,renounce,1.66,NONE
disallow,allow,0.5,ANTONYMS
respect,adore,4.65,NONE
lick,bite,1.99,NONE
save,collect,4.65,NONE
announce,inform,7.8,HYPER/HYPONYMS
bring,forget,0.66,NONE
drink,pour,2.32,NONE
steal,kidnap,6.14,NONE
strip,tease,2.99,NONE
bother,annoy,8.96,SYNONYMS
take,unload,2.16,HYPER/HYPONYMS
alter,rearrange,6.31,NONE
vanish,disintegrate,6.64,NONE
stink,smell,8.63,HYPER/HYPONYMS
yearn,strive,5.15,NONE
ask,receive,0.5,NONE
wiggle,dance,5.15,NONE
carry,deliver,3.82,HYPER/HYPONYMS
repair,break,0.17,ANTONYMS
stop,interrupt,5.98,HYPER/HYPONYMS
move,advance,6.81,HYPER/HYPONYMS
limp,walk,3.82,HYPER/HYPONYMS
disgust,offend,8.3,HYPER/HYPONYMS
smother,kiss,2.66,NONE
break,escape,2.82,HYPER/HYPONYMS
keep,stay,3.15,HYPER/HYPONYMS
keep,take,2.66,HYPER/HYPONYMS
admire,respect,7.14,HYPER/HYPONYMS
slip,fall,6.94,NONE
release,press,0.83,NONE
participate,join,5.64,NONE
know,perceive,4.98,NONE
look,glare,5.15,HYPER/HYPONYMS
rebel,yell,1.81,NONE
wiggle,tickle,2.32,NONE
refuse,agree,0.66,NONE
spring,fall,1,NONE
save,accumulate,6.94,NONE
count,add,7.09,HYPER/HYPONYMS
hurt,betray,3.82,NONE
gain,obtain,7.64,HYPER/HYPONYMS
produce,make,8.9,HYPER/HYPONYMS
decline,advance,1.33,NONE
yield,wait,5.64,NONE
accumulate,grow,7.14,COHYPONYMS
give,take,1.49,ANTONYMS
deny,regret,1,NONE
watch,observe,9.46,HYPER/HYPONYMS
gain,achieve,5.15,NONE
hurt,slap,4.65,NONE
dismiss,release,5.81,NONE
perceive,see,7.97,HYPER/HYPONYMS
assault,kill,5.81,NONE
follow,search,2.49,NONE
see,preview,7.97,HYPER/HYPONYMS
reply,speak,5.48,NONE
suggest,talk,2.82,NONE
hate,glare,4.15,NONE
finish,graduate,5.31,NONE
stay,leave,0.17,ANTONYMS
calculate,compute,6.64,SYNONYMS
break,sprain,4.48,NONE
start,stop,0.33,ANTONYMS
broil,fry,3.32,NONE
cry,disappoint,1.16,NONE
fly,flap,4.32,NONE
elect,win,4.15,NONE
disappear,reappear,0.66,NONE
leave,avoid,3.65,NONE
preview,sneak,3.32,NONE
hunt,find,6.97,NONE
carry,haul,8.3,HYPER/HYPONYMS
aim,strive,7.8,NONE
crave,desire,8.63,HYPER/HYPONYMS
assault,fight,7.24,NONE
talk,sing,2.99,HYPER/HYPONYMS
demolish,smash,8.47,SYNONYMS
say,do,1.33,NONE
forbid,permit,0.66,ANTONYMS
stab,kill,4.81,NONE
refuse,decline,9.13,SYNONYMS
disown,leave,6.04,ANTONYMS
usurp,take,4.65,HYPER/HYPONYMS
know,comprehend,7.64,NONE
sing,dance,1.99,NONE
fight,defend,6.47,HYPER/HYPONYMS
deal,barter,7.3,NONE
repress,hold,5.81,HYPER/HYPONYMS
cough,swallow,1.99,NONE
scare,scream,2.49,NONE
give,deny,1.33,NONE
stop,ban,6.34,NONE
stop,refrain,6.47,NONE
acquire,ask,1.16,NONE
originate,discover,3.49,NONE
holler,scream,7.8,SYNONYMS
fight,argue,7.14,NONE
dump,throw,4.15,NONE
connect,attach,7.64,HYPER/HYPONYMS
rub,pat,5.31,NONE
hurt,stab,5.28,HYPER/HYPONYMS
allow,admit,7.64,HYPER/HYPONYMS
know,define,4.15,NONE
choke,kill,5.64,NONE
wreck,smash,8.3,NONE
correct,prove,3.98,NONE
take,get,4.81,HYPER/HYPONYMS
earn,make,5.98,SYNONYMS
bring,take,2.11,SYNONYMS
snuggle,cuddle,8.47,SYNONYMS
release,pardon,6.31,NONE
fill,pour,6.14,NONE
select,pick,9.63,HYPER/HYPONYMS
select,choose,9.13,SYNONYMS
hunt,shoot,7.14,NONE
enjoy,hate,0.17,ANTONYMS
stand,kneel,0.66,COHYPONYMS
judge,decide,6.81,HYPER/HYPONYMS
use,abuse,2.99,HYPER/HYPONYMS
kiss,embrace,6.31,NONE
beat,assault,7.8,NONE
bury,die,3.32,NONE
overpower,struggle,1.99,NONE
ban,forbid,9.13,HYPER/HYPONYMS
forget,know,1.16,NONE
pinch,bite,2.49,COHYPONYMS
stretch,reach,6.31,COHYPONYMS
conquer,divide,1,NONE
hear,listen,6.64,SYNONYMS
drag,haul,8.45,COHYPONYMS
spill,drink,1.49,NONE
ignore,neglect,8.96,SYNONYMS
avoid,neglect,5.31,NONE
wrap,foil,2.99,COHYPONYMS
need,want,1.99,SYNONYMS
give,keep,0.83,HYPER/HYPONYMS
imitate,mimic,9.63,HYPER/HYPONYMS
prove,convince,5.48,NONE
keep,reserve,6.81,HYPER/HYPONYMS
carry,lift,7.3,HYPER/HYPONYMS
decrease,descend,5.81,NONE
write,compose,6.81,SYNONYMS
show,see,5.15,NONE
relax,sit,4.48,NONE
create,design,8.13,HYPER/HYPONYMS
build,create,6.64,HYPER/HYPONYMS
tear,sob,5.31,COHYPONYMS
hurt,criticize,3.65,NONE
play,participate,4.81,COHYPONYMS
kill,smash,5.48,COHYPONYMS
do,accomplish,6.97,HYPER/HYPONYMS
shake,wag,5.81,HYPER/HYPONYMS
spill,splash,4.48,NONE
gather,meet,7.47,SYNONYMS
hold,cuddle,6.47,HYPER/HYPONYMS
decrease,reduce,9.63,HYPER/HYPONYMS
instruct,direct,6.47,HYPER/HYPONYMS
advise,tell,8.13,HYPER/HYPONYMS
divide,add,0,COHYPONYMS
shine,glare,3.65,HYPER/HYPONYMS
glide,float,5.48,COHYPONYMS
rebel,fight,6.47,NONE
sit,jump,1.33,NONE
evaluate,think,7.97,HYPER/HYPONYMS
move,crawl,3.65,HYPER/HYPONYMS
comfort,help,6.14,NONE
weep,cry,9.3,SYNONYMS
recommend,help,4.98,NONE
speak,whisper,5.15,HYPER/HYPONYMS
glow,burn,4.32,SYNONYMS
annihilate,destroy,8.8,NONE
erupt,blow,5.64,NONE
say,ask,4.15,HYPER/HYPONYMS
ask,want,3.15,COHYPONYMS
touch,rub,5.64,HYPER/HYPONYMS
attract,like,3.32,NONE
excuse,pardon,9.63,SYNONYMS
attend,participate,4.15,NONE
disintegrate,deteriorate,6.34,NONE
hug,embrace,8.63,SYNONYMS
look,listen,1.16,NONE
capture,seize,8.3,HYPER/HYPONYMS
complain,argue,5.31,NONE
hang,hold,3.82,HYPER/HYPONYMS
inquire,ask,8.47,SYNONYMS
acknowledge,show,2.82,NONE
pinch,hurt,5.64,NONE
pause,wait,8.8,HYPER/HYPONYMS
know,predict,3.49,NONE
defeat,overcome,6.81,SYNONYMS
shake,wiggle,6.31,HYPER/HYPONYMS
take,borrow,5.81,HYPER/HYPONYMS
trail,lead,2.32,NONE
hear,speak,1,NONE
use,borrow,3.65,NONE
vary,change,8.63,SYNONYMS
analyze,evaluate,8.13,NONE
run,roam,4.15,NONE
reach,get,6.81,HYPER/HYPONYMS
lose,keep,0,ANTONYMS
argue,demand,3.82,NONE
crunch,smash,6.81,NONE
stir,mix,8.3,NONE
reach,grasp,4.15,NONE
reject,take,0.33,ANTONYMS
prefer,choose,5.64,SYNONYMS
push,tug,0.66,SYNONYMS
hit,kick,4.65,HYPER/HYPONYMS
smear,spread,7.97,NONE
crash,demolish,5.15,NONE
gain,succeed,4.15,NONE
burn,cook,2.66,COHYPONYMS
strive,excel,5.15,NONE
destroy,perish,3.98,NONE
remain,leave,0.5,NONE
tear,sew,0.5,NONE
engage,begin,6.14,NONE
descend,come,2.82,SYNONYMS
neglect,forget,4.32,HYPER/HYPONYMS
believe,understand,3.98,HYPER/HYPONYMS
stay,retain,4.65,NONE
become,succeed,3.98,NONE
understand,realize,7.97,SYNONYMS
make,build,9.3,HYPER/HYPONYMS
erode,fade,5.89,NONE
laugh,chuck,2.49,NONE
touch,reach,3.65,SYNONYMS
cook,grill,6.64,HYPER/HYPONYMS
look,watch,8.3,NONE
laugh,cry,0,ANTONYMS
yield,give,6.31,SYNONYMS
take,refuse,1.66,ANTONYMS
tell,explain,6.64,HYPER/HYPONYMS
plead,beg,9.46,HYPER/HYPONYMS
want,beg,3.15,NONE
participate,say,3.82,NONE
allow,permit,9.63,SYNONYMS
erupt,burst,6.97,HYPER/HYPONYMS
capture,escape,0.5,NONE
beat,pounce,2.82,NONE
broil,boil,2.99,NONE
arrive,come,7.14,SYNONYMS
disown,forget,1.66,NONE
seize,stop,5.81,HYPER/HYPONYMS
request,want,6.47,HYPER/HYPONYMS
rush,hustle,6.97,NONE
admire,want,4.81,NONE
rescue,help,6.47,NONE
cry,worry,3.65,NONE
stop,repress,5.98,NONE
imagine,think,7.64,HYPER/HYPONYMS
control,run,1.36,HYPER/HYPONYMS
try,do,4.32,NONE
pull,tug,9.3,HYPER/HYPONYMS
beat,win,8.13,NONE
add,subtract,1.16,ANTONYMS
overpower,dominate,8.47,NONE
swoon,fall,5.64,NONE
realize,acknowledge,7.64,NONE
beg,steal,0.5,NONE
flex,bend,7.97,SYNONYMS
mistreat,abuse,8.96,SYNONYMS
toil,sweat,5.48,NONE
lose,compete,1.49,NONE
see,visit,6.14,SYNONYMS
decline,fall,6.31,HYPER/HYPONYMS
waste,save,1,NONE
worry,doubt,5.89,NONE
leave,stray,5.64,NONE
criticize,complain,4.81,NONE
show,tell,2.82,HYPER/HYPONYMS
understand,know,6.34,NONE
attend,miss,0.5,ANTONYMS
decline,deny,6.81,NONE
bound,tie,8.96,SYNONYMS
avoid,dislike,3.62,NONE
climb,hike,7.64,NONE
fall,jump,1.49,HYPER/HYPONYMS
like,prefer,8.8,HYPER/HYPONYMS
laugh,ridicule,4.65,NONE
show,direct,6.64,HYPER/HYPONYMS
stamp,collect,1.16,NONE
recommend,like,3.98,NONE
flee,run,8.3,HYPER/HYPONYMS
lend,borrow,3.49,ANTONYMS
criticize,argue,4.65,NONE
smother,hug,3.98,NONE
obtain,steal,3.98,NONE
catch,receive,6.97,COHYPONYMS
stare,glare,5.98,HYPER/HYPONYMS
stir,fry,1.83,NONE
talk,explain,5.98,NONE
perceive,get,3.98,HYPER/HYPONYMS
leave,walk,1.83,NONE
reappear,repeat,2.82,NONE
whip,hit,6.47,NONE
leave,release,3.49,NONE
rattle,shake,6.97,HYPER/HYPONYMS
promise,swear,8.3,HYPER/HYPONYMS
look,squint,4.81,HYPER/HYPONYMS
drink,swallow,4.98,COHYPONYMS
claim,say,5.81,HYPER/HYPONYMS
decide,think,4.65,NONE
guess,assume,6.64,NONE
catch,hold,4.32,HYPER/HYPONYMS
dismiss,leave,4.48,NONE
dash,run,8.3,NONE
remove,unload,5.81,HYPER/HYPONYMS
request,demand,4.48,HYPER/HYPONYMS
glide,slide,5.13,HYPER/HYPONYMS
sew,mend,7.14,NONE
steer,drive,5.98,NONE
adjourn,dismiss,5.98,NONE
search,find,4.81,NONE
pray,ask,3.82,NONE
steal,poach,6.31,NONE
forget,dismiss,5.81,NONE
compose,decompose,1.16,NONE
drown,sink,2.99,NONE
search,hunt,7.47,HYPER/HYPONYMS
finish,solve,5.98,NONE
amuse,laugh,7.3,NONE
remember,think,3.49,SYNONYMS
grow,learn,5.98,NONE
argue,prove,3.49,NONE
design,decorate,5.15,NONE
think,calculate,6.64,HYPER/HYPONYMS
prohibit,refuse,6.31,NONE
retain,save,7.3,COHYPONYMS
catch,throw,1.99,NONE
advise,teach,6.31,COHYPONYMS
obtain,hold,5.31,SYNONYMS
whip,cook,2.16,NONE
sing,scream,2.49,NONE
dance,swing,4.15,NONE
despair,dismay,5.98,NONE
swing,hang,3.82,HYPER/HYPONYMS
dismiss,push,1.99,NONE
hide,appear,0.5,NONE
spend,pay,6.64,HYPER/HYPONYMS
walk,follow,2.82,COHYPONYMS
change,remain,0.5,ANTONYMS
discourage,hate,2.99,NONE
hamper,hurt,4.53,NONE
persuade,beg,5.31,NONE
weave,spin,4.32,COHYPONYMS
help,use,1.16,HYPER/HYPONYMS
irritate,nag,6.64,NONE
restore,replace,4.32,COHYPONYMS
help,concern,3.49,NONE
abduct,capture,7.8,NONE
crunch,destroy,3.65,NONE
stay,attend,2.32,NONE
set,prepare,4.98,SYNONYMS
struggle,hurt,1.66,NONE
pinch,grab,4.65,NONE
upset,offend,8.63,NONE
choose,predict,4.32,NONE
move,tend,1.66,NONE
strip,drag,1.16,NONE
find,disappear,0.5,NONE
break,deteriorate,5.31,COHYPONYMS
travel,hike,4.98,HYPER/HYPONYMS
yell,complain,5.15,NONE
restore,mend,9.13,SYNONYMS
excel,drive,2.16,NONE
live,perish,1,NONE
reel,pull,5.98,NONE
pinch,dash,1.66,NONE
offend,annoy,4.32,NONE
release,take,1.49,NONE
exchange,change,5.15,SYNONYMS
define,say,3.82,NONE
hear,repeat,0.66,NONE
scream,squeak,4.32,NONE
lower,kneel,2.99,NONE
waste,deteriorate,6.64,HYPER/HYPONYMS
give,borrow,2.66,NONE
compose,originate,5.15,COHYPONYMS
happen,appear,1.83,HYPER/HYPONYMS
deliver,save,1,HYPER/HYPONYMS
incline,suggest,4.81,NONE
call,reply,3.32,NONE
crunch,crush,6.31,NONE
cough,yawn,1.66,NONE
recycle,use,2.99,HYPER/HYPONYMS
refuse,dislike,4.65,NONE
soothe,rub,3.65,NONE
punish,obey,0.33,NONE
capture,get,4.98,SYNONYMS
irritate,scratch,5.15,HYPER/HYPONYMS
sneak,look,3.65,NONE
presume,suppose,8.3,HYPER/HYPONYMS
beat,blend,4.15,NONE
tan,blush,1.16,COHYPONYMS
examine,study,8.3,SYNONYMS
add,attach,7.3,NONE
punch,strike,7.47,NONE
deteriorate,dissolve,7.47,NONE
change,convince,3.98,NONE
reap,prosper,5.64,NONE
spank,whip,4.83,NONE
calculate,subtract,3.65,HYPER/HYPONYMS
look,inquire,5.13,NONE
blame,forgive,1,NONE
accept,deliver,1.66,NONE
strive,survive,2.66,NONE
spring,fling,4.32,NONE
defend,kill,2.49,NONE
fly,cruise,2.57,COHYPONYMS
let,forbid,0.5,ANTONYMS
breathe,sneeze,2.32,NONE
tend,fix,3.32,NONE
stop,warn,3.47,NONE
drive,veer,3.49,NONE
disown,neglect,4.81,NONE
explode,erode,2.82,NONE
stop,hurt,0.5,NONE
snatch,catch,3.32,COHYPONYMS
hope,need,1.99,NONE
boil,freeze,0,ANTONYMS
destroy,seek,0.17,NONE
develop,begin,3.98,NONE
disintegrate,burn,4.48,COHYPONYMS
walk,wiggle,1.16,NONE
holler,roar,7.8,HYPER/HYPONYMS
teach,know,3.82,NONE
catch,obtain,5.81,COHYPONYMS
smell,spoil,0.5,NONE
squint,stare,4.15,COHYPONYMS
spell,define,3.49,NONE
choose,want,2.99,NONE
examine,observe,7.97,HYPER/HYPONYMS
object,disagree,7.85,COHYPONYMS
hate,deceive,2.49,NONE
blame,ridicule,3.65,NONE
die,slay,1.99,NONE
deny,request,0.33,NONE
remind,say,3.32,NONE
operate,do,5.81,NONE
fail,miss,7.3,HYPER/HYPONYMS
fold,wrap,4.68,NONE
charge,accuse,6.31,HYPER/HYPONYMS
cough,sniff,3.32,NONE
enrage,upset,8.13,NONE
destroy,fix,0.5,NONE
annoy,tease,5.98,HYPER/HYPONYMS
hate,reject,5.31,NONE
cry,punish,1.16,NONE
decrease,shrink,7.14,HYPER/HYPONYMS
accept,recommend,1,NONE
flex,relax,0.66,NONE
shift,drive,3.15,COHYPONYMS
disperse,sow,5.31,HYPER/HYPONYMS
chew,grind,6.31,HYPER/HYPONYMS
confuse,help,0.5,NONE
fight,abuse,5.31,NONE
give,decline,0.33,NONE
leave,join,0.17,NONE
scare,jump,2.66,NONE
blame,push,1,NONE
hang,fall,0.5,SYNONYMS
persuade,argue,5.31,NONE
hurt,kill,4.81,HYPER/HYPONYMS
capture,chase,2.16,NONE
go,command,0.66,NONE
scramble,change,1.81,HYPER/HYPONYMS
get,conquer,3.65,NONE
purchase,acquire,8,HYPER/HYPONYMS
shove,kick,2.66,NONE
roam,search,4.81,NONE
evacuate,escape,7.3,NONE
embarrass,ridicule,7.47,NONE
keep,capture,5.81,NONE
treat,pounce,1.81,NONE
attach,join,7.47,COHYPONYMS
touch,push,4.15,HYPER/HYPONYMS
stop,freeze,6.31,NONE
justify,judge,1.99,NONE
lead,ask,1.16,NONE
taste,swallow,4.48,NONE
advance,achieve,5.48,NONE
humiliate,ridicule,8.3,NONE
ask,recall,2.99,HYPER/HYPONYMS
ridicule,hate,4.65,NONE
remove,ban,5.48,NONE
live,move,0.66,HYPER/HYPONYMS
analyze,define,4.15,NONE
move,scramble,5.15,HYPER/HYPONYMS
confess,talk,4.07,NONE
freeze,burn,1.33,COHYPONYMS
hope,rely,3.65,NONE
refuse,give,0.5,NONE
hang,condemn,4.15,NONE
throw,move,3.15,HYPER/HYPONYMS
guess,choose,3.49,NONE
recycle,waste,0.45,COHYPONYMS
spoil,toil,1.49,NONE
advise,warn,6.14,HYPER/HYPONYMS
strike,miss,1.83,ANTONYMS
travel,come,3.47,HYPER/HYPONYMS
fly,swim,0.33,COHYPONYMS
cook,stew,4.65,HYPER/HYPONYMS
beat,triumph,5.31,NONE
scream,scold,4.65,NONE
ride,run,4.15,HYPER/HYPONYMS
ridicule,bother,1.83,NONE
insult,rip,3.15,NONE
adjourn,judge,1.99,NONE
lift,tow,2.16,NONE
have,acquire,4.15,HYPER/HYPONYMS
rob,give,0.17,NONE
determine,set,4.98,SYNONYMS
pinch,prick,5.31,NONE
grow,increase,8.63,HYPER/HYPONYMS
become,seem,1.83,NONE
bother,ignore,0.83,NONE
go,drive,5.31,HYPER/HYPONYMS
bother,frustrate,7.3,HYPER/HYPONYMS
aim,hit,2.99,NONE
change,stay,0.5,ANTONYMS
suck,sip,4.15,COHYPONYMS
weave,move,3.15,HYPER/HYPONYMS
refrain,repress,4.48,NONE
shift,turn,4.32,COHYPONYMS
lay,incline,4.98,NONE
describe,say,3.77,NONE
try,think,3.49,HYPER/HYPONYMS
remain,retain,4.48,NONE
wash,wear,0.66,NONE
lie,pretend,6.14,NONE
suggest,inquire,1.99,NONE
sprinkle,dash,1.99,NONE
rip,destroy,7.3,NONE
direct,help,3.32,NONE
speak,suggest,4.48,NONE
inform,instruct,7.55,HYPER/HYPONYMS
teach,punish,1.66,NONE
connect,touch,5.98,HYPER/HYPONYMS
go,disperse,5.64,NONE
fix,set,4.48,HYPER/HYPONYMS
erode,spoil,2.32,NONE
wiggle,jerk,3.98,NONE
drip,fall,1.66,HYPER/HYPONYMS
ache,soothe,0.83,NONE
detach,release,8.63,NONE
spare,strike,1.33,NONE
affect,hurt,2.82,NONE
control,barter,1.16,NONE
laugh,entertain,3.98,NONE
smear,blend,3.65,NONE
scream,cry,4.48,SYNONYMS
result,happen,5.43,HYPER/HYPONYMS
snap,crunch,5.64,NONE
disappear,shrink,3.15,NONE
express,explain,5.81,HYPER/HYPONYMS
protect,keep,3.98,HYPER/HYPONYMS
pounce,surprise,4.53,NONE
be,attend,3.65,HYPER/HYPONYMS
prosecute,blame,4.48,NONE
acknowledge,respond,6.97,HYPER/HYPONYMS
drive,desire,1.83,NONE
remove,loosen,3.32,NONE
lift,hold,3.82,HYPER/HYPONYMS
set,lay,6.14,SYNONYMS
blame,hurt,2.57,NONE
control,capture,4.65,NONE
raise,rise,7.3,NONE
plead,convince,4.81,NONE
beat,mix,5.64,NONE
grab,squeeze,4.32,NONE
erode,decompose,7.3,NONE
beat,spank,7.3,HYPER/HYPONYMS
vacate,evacuate,7.3,NONE
surprise,guess,1.49,NONE
foil,cover,1.66,HYPER/HYPONYMS
look,read,4.48,NONE
smell,decompose,2.99,NONE
hurt,bump,2.49,NONE
drip,melt,4.98,NONE
leave,appear,0.66,NONE
please,entertain,5.15,NONE
enter,escape,1.16,NONE
overpower,conquer,7.97,NONE
overcome,go,3.65,NONE
go,sneak,1.83,HYPER/HYPONYMS
doze,snore,5.31,NONE
squeal,hurt,2.49,NONE
persuade,sway,7.3,SYNONYMS
shoot,yell,1.83,NONE
swim,splash,5.48,NONE
disappear,erode,5.48,NONE
charge,go,3.32,HYPER/HYPONYMS
release,drain,4.15,NONE
leave,help,0.83,NONE
boil,bake,1.99,NONE
whistle,call,4.15,NONE
stain,bleach,2.57,NONE
organize,set,5.64,HYPER/HYPONYMS
sing,play,2.32,NONE
give,treat,6.47,HYPER/HYPONYMS
set,put,5.64,SYNONYMS
engage,wed,4.32,NONE
hold,bear,5.31,SYNONYMS
deny,excuse,2.72,NONE
pretend,suppose,4.48,NONE
wear,strain,3.02,NONE
protect,fight,3.49,NONE
warn,inform,5.31,HYPER/HYPONYMS
acquire,find,6.81,HYPER/HYPONYMS
swear,lie,1.33,NONE
release,loosen,4.65,NONE
stay,please,1.83,NONE
mimic,talk,1.99,NONE
glare,glance,4.65,NONE
neglect,reject,3.49,NONE
discover,analyze,2.82,NONE
portray,pretend,5.98,NONE
hatch,escape,3.82,NONE
repeat,understand,2.16,NONE
vanish,perish,4.15,NONE
help,ask,1,NONE
dislike,admire,0,NONE
persuade,suggest,5.58,NONE
grow,live,3.47,NONE
result,affect,6.31,NONE
attract,disgust,0.5,NONE
push,lean,3.98,NONE
disperse,move,4.98,HYPER/HYPONYMS
allow,disprove,0.17,NONE
grab,obtain,4.83,HYPER/HYPONYMS
follow,leave,1.49,NONE
toil,tear,1.33,NONE
advance,charge,5.98,HYPER/HYPONYMS
allow,grant,8.3,SYNONYMS
find,scramble,0.33,NONE
pray,communicate,1.99,HYPER/HYPONYMS
kill,mistreat,3.49,NONE
leave,float,0.66,NONE
acknowledge,notify,1.99,NONE
pinch,tickle,2.16,NONE
disintegrate,reduce,5.64,NONE
conquer,gain,5.81,NONE
offend,embarrass,4.48,NONE
create,become,2.32,NONE
command,control,8.3,SYNONYMS
search,inquire,6.81,NONE
rip,detach,5.64,NONE
need,get,2.16,NONE
collect,get,8.13,HYPER/HYPONYMS
lift,pick,6.47,COHYPONYMS
stop,spin,0,NONE
hate,insult,4.48,NONE
spray,sprinkle,4.15,HYPER/HYPONYMS
preview,observe,5.31,NONE
fight,conquer,5.81,NONE
pop,stretch,1.66,NONE
catch,release,0.5,NONE
bounce,move,3.82,HYPER/HYPONYMS
affect,touch,3.65,SYNONYMS
stop,walk,0.17,NONE
swim,flutter,0.83,NONE
retain,forget,1.49,NONE
please,like,2.82,HYPER/HYPONYMS
kill,conquer,3.82,NONE
yell,warn,3.15,NONE
hurt,deceive,4.32,NONE
crush,demolish,8.13,SYNONYMS
go,vanish,5.48,HYPER/HYPONYMS
destroy,slay,7.14,NONE
claim,lie,1.33,NONE
become,appear,2.82,NONE
talk,testify,4.48,NONE
stop,shun,2.66,NONE
gather,bring,4.65,NONE
go,sell,0.66,COHYPONYMS
ask,talk,5.31,COHYPONYMS
kill,demolish,5.15,COHYPONYMS
vacate,evict,5.64,NONE
compose,design,6.14,NONE
spray,shoot,2.49,NONE
fix,update,4.81,NONE
ignore,ask,1.33,NONE
join,adjourn,1.16,NONE
send,disperse,2.32,NONE
testify,lie,0.5,NONE
correct,change,5.64,HYPER/HYPONYMS
stop,accelerate,0.5,NONE
frame,freeze,1.66,NONE
crave,yearn,8.13,NONE
hitch,tie,2.99,HYPER/HYPONYMS
stain,remove,0.17,NONE
practice,learn,4.65,HYPER/HYPONYMS
like,imitate,1.33,NONE
drain,remove,5.48,NONE
ride,go,4.65,HYPER/HYPONYMS
forget,attend,0,NONE
gather,take,5.48,NONE
sing,whistle,3.15,SYNONYMS
steer,move,4.98,NONE
save,gain,2.99,NONE
swing,push,3.98,COHYPONYMS
retreat,move,4.65,HYPER/HYPONYMS
shiver,freeze,5.15,NONE
fix,demolish,0.33,NONE
pretend,assume,2.82,HYPER/HYPONYMS
delay,hesitate,8.13,HYPER/HYPONYMS
take,lift,4.32,HYPER/HYPONYMS
dive,drown,2.16,NONE
enter,return,2.49,NONE
spill,stain,3.82,NONE
get,reap,7.64,HYPER/HYPONYMS
direct,go,3.65,NONE
accept,want,2.66,COHYPONYMS
soak,stain,1.83,NONE
launch,set,1.83,NONE
tend,give,3.15,NONE
choke,tie,1.49,NONE
learn,acquire,4.98,SYNONYMS
pray,pounce,2.99,NONE
achieve,conquer,5.31,NONE
do,think,2.16,NONE
taste,touch,1.83,COHYPONYMS
invent,produce,5.81,NONE
seem,believe,1.33,NONE
ask,respond,2.82,NONE
buzz,hum,4.98,SYNONYMS
put,transplant,4.32,NONE
descend,retreat,2.16,COHYPONYMS
evacuate,go,6.14,NONE
toss,tumble,2.82,HYPER/HYPONYMS
go,begin,4.32,COHYPONYMS
breathe,choke,1.33,HYPER/HYPONYMS
slap,kick,3.49,NONE
overcome,strive,4.32,NONE
upset,insult,5.28,NONE
collect,obtain,6.97,COHYPONYMS
acknowledge,agree,5.31,NONE
blame,admit,1,NONE
visit,haunt,1.66,HYPER/HYPONYMS
adjourn,go,2.49,NONE
smell,feel,2.16,COHYPONYMS
rip,tug,5.64,NONE
veer,lean,3.98,NONE
fall,lay,3.32,NONE
perish,burn,2.32,NONE
bite,scratch,1.99,NONE
punch,stamp,4.32,NONE
start,run,1.99,NONE
lead,organize,4.81,NONE
keep,return,0.66,NONE
reach,obtain,7.14,NONE
stop,turn,2.16,NONE
look,yield,1.83,NONE
steal,grab,5.73,COHYPONYMS
leave,meet,0.83,NONE
destroy,save,0.3,NONE
please,urge,2.16,NONE
renounce,degrade,3.98,NONE
subtract,multiply,0.83,COHYPONYMS
steal,return,0.17,NONE
ignore,refuse,4.98,NONE
wake,awake,5.64,SYNONYMS
develop,invent,6.64,NONE
use,reduce,2.16,NONE
receive,achieve,1,NONE
burst,implode,4.65,ANTONYMS
separate,drift,5.64,COHYPONYMS
sit,dance,0.66,NONE
disown,ignore,4.15,NONE
delay,hurry,0.33,ANTONYMS
pick,gather,6.64,HYPER/HYPONYMS
weave,make,4.98,HYPER/HYPONYMS
lift,evaluate,2.66,HYPER/HYPONYMS
move,slither,4.48,HYPER/HYPONYMS
awake,snore,0.66,NONE
renounce,repress,2.66,NONE
drift,fade,5.98,NONE
bring,send,1.99,COHYPONYMS
meet,join,5.31,NONE
upset,discourage,3.98,NONE
worry,despair,6.64,NONE
gather,leave,0.83,NONE
finish,perish,1.66,NONE
need,strive,2.66,NONE
forgive,plead,1.66,NONE
drench,pour,4.81,NONE
perish,prosper,1.16,NONE
swim,run,1.83,COHYPONYMS
reap,make,2.66,NONE
do,become,2.99,NONE
punish,renounce,1.33,NONE
lose,earn,0.17,ANTONYMS
boil,burn,2.99,COHYPONYMS
observe,analyze,5.98,HYPER/HYPONYMS
beg,implode,2.32,NONE
beat,overpower,6.64,HYPER/HYPONYMS
introduce,acknowledge,3.47,NONE
offend,disturb,4.48,NONE
destroy,invent,1.33,NONE
grind,rub,4.65,NONE
hurt,humiliate,5.15,HYPER/HYPONYMS
leave,skip,3.32,HYPER/HYPONYMS
leave,ignore,4.48,NONE
hold,pull,2.32,NONE
command,instruct,7.97,COHYPONYMS
yell,talk,2.32,HYPER/HYPONYMS
flutter,kick,1,NONE
rinse,flush,5.89,HYPER/HYPONYMS
smother,overwhelm,6.14,NONE
tow,haul,8.63,NONE
have,receive,2.99,SYNONYMS
tie,weave,3.49,NONE
see,travel,4.65,HYPER/HYPONYMS
hamper,hold,3.15,HYPER/HYPONYMS
inhale,smell,6.97,NONE
explain,spell,3.15,NONE
know,update,2.82,NONE
leave,disregard,5.64,NONE
inspect,observe,6.47,NONE
make,allow,1.83,NONE
deliver,stand,0,NONE
hug,pat,3.15,NONE
plow,hit,3.65,NONE
examine,analyze,7.14,SYNONYMS
reach,hold,3.15,NONE
stop,help,1.21,NONE
sing,chirp,5.31,HYPER/HYPONYMS
believe,feel,2.99,HYPER/HYPONYMS
notify,address,7.3,NONE
protect,kill,1.49,NONE
charge,evict,4.65,NONE
forgive,understand,3.15,NONE
help,depend,2.32,NONE
separate,attach,1,NONE
throw,use,1.66,NONE
calculate,solve,6.31,HYPER/HYPONYMS
stay,fade,0.5,NONE
renounce,say,2.49,NONE
grasp,take,5.31,NONE
swing,fall,0.83,COHYPONYMS
triumph,conquer,7.97,NONE
notify,announce,8.47,NONE
count,evaluate,4.65,HYPER/HYPONYMS
take,reap,6.97,NONE
forget,overcome,2.16,NONE
amuse,amaze,1.99,NONE
fail,decline,3.65,HYPER/HYPONYMS
know,suggest,1.83,NONE
move,remove,3.49,HYPER/HYPONYMS
retain,obtain,4.15,NONE
show,look,1.33,NONE
speak,scream,2.82,HYPER/HYPONYMS
refuse,forbid,4.48,NONE
seem,pretend,4.65,NONE
feel,express,6.31,NONE
operate,perform,6.97,NONE
degrade,hate,5.48,NONE
criticize,remark,3.15,HYPER/HYPONYMS
tire,overwhelm,5.64,NONE
visit,talk,2.32,HYPER/HYPONYMS
burn,smother,0.66,NONE
destroy,deteriorate,5.81,NONE
beat,punish,6.47,NONE
drift,flow,6.81,NONE
attempt,go,1.83,NONE
kill,look,0,COHYPONYMS
go,ascend,4.48,HYPER/HYPONYMS
recruit,take,2.66,NONE
veer,avoid,8.13,NONE
mimic,look,1.99,NONE
squeal,lie,1,NONE
crash,fall,3.49,HYPER/HYPONYMS
tow,take,2.82,NONE
elect,reject,0.5,NONE
tell,remark,6.31,HYPER/HYPONYMS
punch,calculate,1,NONE
win,struggle,0.66,NONE
blame,excuse,1.36,NONE
deal,sell,4.48,SYNONYMS
understand,solve,5.15,HYPER/HYPONYMS
allow,refuse,1.16,ANTONYMS
control,stop,3.49,NONE
acquire,steal,5.31,NONE
respond,say,7.97,HYPER/HYPONYMS
disturb,wake,4.98,NONE
grab,tackle,5.81,NONE
haunt,remain,3.82,NONE
prove,solve,5.48,NONE
achieve,earn,6.14,NONE
retain,get,3.15,NONE
touch,pinch,3.17,HYPER/HYPONYMS
bend,shake,1.49,NONE
hypnotize,remember,0.66,NONE
dismay,surprise,1.33,NONE
guess,suspect,7.64,HYPER/HYPONYMS
flush,drain,5.81,COHYPONYMS
stain,wash,0.17,NONE
supply,deny,0.5,NONE
join,marry,4.48,HYPER/HYPONYMS
fight,toil,2.99,NONE
save,earn,2.66,NONE
demand,take,5.64,SYNONYMS
drink,suck,5.48,HYPER/HYPONYMS
wander,lose,1.83,NONE
implode,crush,4.48,NONE
renounce,dislike,6.31,NONE
launch,send,5.31,COHYPONYMS
spin,dance,1.66,NONE
tear,split,8.47,HYPER/HYPONYMS
create,draw,4.48,HYPER/HYPONYMS
tend,leave,0.66,NONE
assume,believe,2.99,COHYPONYMS
bump,crash,3.47,NONE
scare,laugh,0.66,NONE
plead,help,0.66,NONE
excel,lead,4.65,NONE
confuse,blur,4.81,COHYPONYMS
teach,explain,7.8,COHYPONYMS
take,vacate,1.83,NONE
reap,jump,1.66,NONE
need,use,2.49,NONE
return,arrive,3.15,NONE
slurp,swallow,4.48,NONE
design,award,0.66,NONE
follow,go,3.65,HYPER/HYPONYMS
drown,kill,4.81,HYPER/HYPONYMS
forget,deny,2.82,HYPER/HYPONYMS
help,refuse,0.5,NONE
reach,strive,6.47,SYNONYMS
tread,float,3.32,NONE
destroy,hurt,5.64,NONE
catch,find,3.98,HYPER/HYPONYMS
sell,suggest,2.66,NONE
talk,announce,6.14,NONE
deposit,slip,2.66,NONE
play,set,1,HYPER/HYPONYMS
renounce,insult,3.15,NONE
irritate,rub,3.49,HYPER/HYPONYMS
tease,hurt,3.98,NONE
perish,starve,5.98,HYPER/HYPONYMS
attach,fix,4.65,HYPER/HYPONYMS
squeal,jerk,1.49,NONE
exist,perish,0.83,NONE
flow,go,5.31,NONE
leave,shun,5.48,NONE
forget,think,0.33,ANTONYMS
disprove,deny,4.15,NONE
engage,meet,4.48,NONE
lower,diminish,6.64,NONE
tread,move,3.49,HYPER/HYPONYMS
learn,retain,2.82,NONE
clarify,repeat,5.48,NONE
retreat,escape,7.47,NONE
urge,recommend,5.48,SYNONYMS
do,obey,3.47,NONE
feel,taste,1.16,COHYPONYMS
graze,roam,5.48,NONE
annoy,disgust,4.65,NONE
invent,originate,5.81,NONE
use,waste,2.66,HYPER/HYPONYMS
pardon,grant,3.65,HYPER/HYPONYMS
wash,fade,1.83,NONE
transplant,change,4.23,HYPER/HYPONYMS
mend,repair,9.3,SYNONYMS
convince,win,2.16,NONE
wash,spray,4.65,COHYPONYMS
collect,organize,5.31,NONE
hit,crash,6.31,HYPER/HYPONYMS
repress,shut,5.81,NONE
smash,shatter,8.13,COHYPONYMS
fly,flee,3.49,SYNONYMS
choose,determine,7.47,HYPER/HYPONYMS
receive,accept,6.31,HYPER/HYPONYMS
evacuate,remove,5.48,NONE
wear,remove,1.49,NONE
give,unload,2.16,NONE
lie,justify,1.83,NONE
shoot,hurt,5.31,HYPER/HYPONYMS
squeeze,cuddle,5.31,HYPER/HYPONYMS
croak,cough,2.32,NONE
stand,rise,6.81,NONE
scold,blame,6.19,NONE
laugh,hoot,5.98,NONE
steal,give,0.66,NONE
rub,feel,5.64,NONE
enjoy,amuse,6.14,NONE
gather,obtain,6.31,NONE
hate,adore,0.5,NONE
carry,help,3.15,COHYPONYMS
accuse,insult,3.92,NONE
frustrate,discourage,4.15,NONE
dare,accept,1.16,NONE
bumble,fall,6.47,NONE
play,fight,3.49,NONE
sew,attach,7.14,HYPER/HYPONYMS
hold,touch,6.31,HYPER/HYPONYMS
fade,disintegrate,4.32,NONE
strain,release,2.66,NONE
organize,fix,3.32,NONE
blend,combine,8.47,SYNONYMS
hike,hitch,1.33,NONE
attract,catch,2.82,HYPER/HYPONYMS
taste,try,4.81,SYNONYMS
wait,sit,2.99,NONE
wag,wiggle,6.81,HYPER/HYPONYMS
rob,destroy,1.49,NONE
accomplish,conquer,5.31,NONE
toss,flip,6.81,SYNONYMS
meet,visit,7.3,HYPER/HYPONYMS
reject,condemn,7.47,NONE
protect,hide,4.65,NONE
shun,disown,6.97,NONE
bend,angle,6.64,HYPER/HYPONYMS
rebel,obey,0.33,NONE
discuss,explain,7.14,NONE
mix,dissolve,5.81,COHYPONYMS
burn,crash,1.99,NONE
release,obtain,1.66,ANTONYMS
adjourn,start,1.49,NONE
pour,drain,4.81,COHYPONYMS
disperse,collect,0.83,NONE
disappear,remove,5.64,HYPER/HYPONYMS
avoid,reject,3.32,NONE
walk,shuffle,5.31,HYPER/HYPONYMS
doubt,know,1,NONE
strive,want,5.15,NONE
defeat,fail,2.49,NONE
speak,acknowledge,5.31,NONE
get,go,0.66,SYNONYMS
gather,compose,2.66,NONE
sway,swoon,4.07,NONE
reel,turn,3.82,HYPER/HYPONYMS
inquire,think,5.81,NONE
think,recall,6.64,SYNONYMS
leave,detach,2.99,NONE
scream,kick,1.99,NONE
aim,look,2.82,NONE
listen,concentrate,4.98,HYPER/HYPONYMS
like,disgust,0.33,NONE
desire,hope,6.81,HYPER/HYPONYMS
practice,dance,0.91,NONE
drip,spill,4.98,NONE
deliver,get,1.99,HYPER/HYPONYMS
holler,call,7.3,SYNONYMS
fly,drive,0.83,COHYPONYMS
fill,dig,0.17,NONE
mend,bend,1.16,NONE
raise,ascend,7.8,NONE
hurt,pluck,1.49,NONE
change,renounce,3.82,HYPER/HYPONYMS
control,steer,7.14,HYPER/HYPONYMS
start,develop,5.64,COHYPONYMS
allow,reject,0.17,NONE
dislike,discourage,3.65,NONE
believe,think,5.15,SYNONYMS
accomplish,become,3.98,NONE
give,allow,4.65,HYPER/HYPONYMS
separate,join,0.33,ANTONYMS
embarrass,flutter,1.49,NONE
select,elect,5.15,HYPER/HYPONYMS
write,say,2.49,NONE
dismiss,allow,2.49,NONE
call,listen,1.99,NONE
go,pause,0.66,NONE
advise,inform,6.47,HYPER/HYPONYMS
sneak,scare,2.32,NONE
hear,whisper,1.66,NONE
teach,give,4.15,NONE
urge,hurry,3.98,HYPER/HYPONYMS
reach,achieve,5.81,SYNONYMS
sweat,relax,0.17,NONE
come,join,4.98,NONE
fight,hate,3.32,NONE
lie,rationalize,2.49,NONE
be,do,0.83,HYPER/HYPONYMS
lick,dip,1,NONE
loosen,relax,7.14,HYPER/HYPONYMS
flex,lift,3.32,NONE
learn,confuse,0.66,NONE
perceive,assume,5.15,NONE
stop,drive,0,NONE
seize,catch,4.65,HYPER/HYPONYMS
receive,earn,6.47,COHYPONYMS
disperse,release,6.14,NONE
put,hang,1.96,NONE
repress,forbid,6.14,NONE
sway,bend,4.98,NONE
scare,cry,0.33,NONE
attack,seize,4.32,NONE
hold,pause,5.98,NONE
fail,triumph,0.83,NONE
overcome,beat,7.64,HYPER/HYPONYMS
shun,hide,3.32,NONE
sell,disown,2.32,NONE
bite,fight,4.15,NONE
relax,rub,5.48,NONE
disintegrate,demolish,4.38,NONE
prove,explain,5.98,NONE
bite,attack,4.48,NONE
enrage,engage,1.66,NONE
advise,notify,7.97,SYNONYMS
scream,hoot,4.48,NONE
steal,keep,3.32,NONE
attack,engage,4.83,COHYPONYMS
frustrate,disappoint,3.82,HYPER/HYPONYMS
help,prepare,5.64,NONE
borrow,keep,1.16,NONE
disallow,reject,6.81,NONE
lose,obtain,0.33,ANTONYMS
grow,rise,5.48,HYPER/HYPONYMS
fail,fall,2.99,HYPER/HYPONYMS
create,do,5.31,HYPER/HYPONYMS
disperse,gather,1.33,NONE
throw,overpower,3.15,NONE
disintegrate,erode,6.04,NONE
grate,annoy,6.47,HYPER/HYPONYMS
run,strive,2.32,NONE
believe,agree,3.15,NONE
frustrate,overwhelm,5.15,NONE
concern,dismay,3.98,NONE
claim,accuse,3.98,NONE
scratch,pick,4.32,NONE
perish,dissolve,3.49,NONE
hear,talk,1.99,NONE
address,talk,5.98,HYPER/HYPONYMS
be,live,6.31,HYPER/HYPONYMS
accept,like,6.14,NONE
join,add,6.81,NONE
associate,know,6.64,NONE
hate,annihilate,2.99,NONE
predict,determine,4.48,NONE
catch,grab,3.32,SYNONYMS
attempt,do,5.81,HYPER/HYPONYMS
dash,walk,4.48,NONE
rip,fold,0.83,NONE
direct,aim,7.47,HYPER/HYPONYMS
refrain,wait,6.31,NONE
pick,analyze,2.66,NONE
remove,release,4.48,NONE
wipe,rub,7.64,HYPER/HYPONYMS
beat,strike,6.14,HYPER/HYPONYMS
decompose,disintegrate,7.64,SYNONYMS
die,grow,0,COHYPONYMS
find,escape,0.66,NONE
search,strip,1.66,NONE
hit,throw,2.82,COHYPONYMS
reproduce,recycle,4.81,NONE
release,squeeze,1.21,NONE
diminish,increase,1.33,ANTONYMS
examine,see,7.7,SYNONYMS
throw,aim,4.15,NONE
get,buy,7.14,HYPER/HYPONYMS
toast,cook,4.98,NONE
climb,rise,8.3,HYPER/HYPONYMS
search,examine,7.97,HYPER/HYPONYMS
return,recycle,3.49,NONE
disprove,hate,2.99,NONE
rearrange,scramble,7.3,NONE
engage,fight,4.48,HYPER/HYPONYMS
have,earn,2.66,NONE
restore,receive,1.49,NONE
depart,fly,2.82,NONE
earn,pay,0.91,HYPER/HYPONYMS
nag,yell,4.15,NONE
get,keep,5.58,ANTONYMS
condemn,renounce,5.48,NONE
slice,chop,7.3,COHYPONYMS
sting,burn,5.15,SYNONYMS
borrow,dig,1.99,NONE
bend,move,3.02,HYPER/HYPONYMS
degrade,criticize,6.31,NONE
deteriorate,fall,1.66,NONE
pull,shove,1.99,NONE
whistle,hoot,4.81,NONE
suppose,predict,5.81,NONE
disown,ban,2.99,NONE
drench,quench,3.65,NONE
disappear,decompose,5.28,NONE
worry,waste,0.83,NONE
write,talk,1.66,COHYPONYMS
sue,pay,2.16,NONE
laugh,cough,0.45,NONE
justify,believe,3.15,NONE
kidnap,snatch,7.14,SYNONYMS
grind,chop,2.49,COHYPONYMS
earn,yearn,0.91,NONE
waste,disintegrate,2.66,NONE
separate,organize,6.14,NONE
upset,overwhelm,4.81,COHYPONYMS
start,create,3.32,HYPER/HYPONYMS
create,decorate,3.15,NONE
add,build,4.65,NONE
protect,hurt,0,NONE
forgive,excuse,6.97,HYPER/HYPONYMS
prosper,fail,0.5,NONE
defeat,overwhelm,5.31,HYPER/HYPONYMS
find,attract,2.16,NONE
think,talk,1.66,NONE
cheat,win,1,NONE
attend,help,4.81,HYPER/HYPONYMS
mistreat,hit,3.15,NONE
grant,aid,5.64,NONE
discourage,beat,3.82,NONE
persuade,control,4.65,NONE
overcome,try,5.64,NONE
boom,hum,1,COHYPONYMS
tear,remove,3.65,HYPER/HYPONYMS
incline,press,2.41,NONE
clarify,help,6.14,NONE
determine,try,3.15,HYPER/HYPONYMS
rescue,find,7.14,NONE
urge,tell,3.82,HYPER/HYPONYMS
acknowledge,perceive,2.49,NONE
pause,reflect,4.15,NONE
overcome,fail,0.17,NONE
practice,do,5.48,SYNONYMS
do,forbid,0.33,NONE
surprise,celebrate,3.32,NONE
treat,surprise,3.15,NONE
earn,respect,2.32,NONE
finish,do,4.07,HYPER/HYPONYMS
remember,learn,4.32,NONE
kill,punish,2.82,NONE
call,need,2.49,NONE
break,erode,4.81,COHYPONYMS
accept,forgive,3.65,NONE
yearn,ache,6.97,HYPER/HYPONYMS
understand,evaluate,3.49,HYPER/HYPONYMS
touch,hug,3.65,HYPER/HYPONYMS
grasp,release,0,NONE
deny,repress,6.14,HYPER/HYPONYMS
hate,damn,5.81,NONE
hesitate,go,0.66,NONE
break,build,0.83,ANTONYMS
wear,use,4.98,NONE
accept,give,0.5,HYPER/HYPONYMS
block,stop,8.47,SYNONYMS
wander,leave,3.49,NONE
keep,hide,2.82,NONE
spawn,reproduce,6.97,NONE
tow,follow,2.99,NONE
replace,add,2.16,NONE
accelerate,go,6.97,NONE
yell,speak,4.48,HYPER/HYPONYMS
dismay,worry,5.15,NONE
solve,discover,3.15,NONE
give,retain,1.16,NONE
reject,leave,5.98,NONE
warn,forbid,3.15,NONE
connect,combine,6.14,NONE
decompose,degrade,6.47,NONE
hurt,degrade,5.64,HYPER/HYPONYMS
request,reply,1.16,NONE
drive,drink,0.5,NONE
hate,swear,2.49,NONE
attack,capture,3.32,NONE
request,beg,5.64,HYPER/HYPONYMS
want,claim,2.66,NONE
stay,roam,0.66,NONE
lose,get,1.49,ANTONYMS
leave,veer,2.49,NONE
steal,usurp,4.32,NONE
run,bound,6.31,NONE
sit,comfort,3.15,NONE
dissolve,fade,6.19,NONE
do,command,1.33,NONE
search,lose,1.16,NONE
whisper,tell,4.32,NONE
pluck,duck,0.5,NONE
recommend,guess,1.83,NONE
produce,stamp,1,NONE
bound,correct,0.17,NONE
blush,obey,0.33,NONE
presume,strain,0.83,NONE
read,exchange,0.91,NONE
sew,convince,0.5,NONE
teach,graduate,2.82,NONE
hide,swim,0.33,NONE
acquire,tear,0.66,NONE
inhale,glide,1,NONE
leap,struggle,0.91,NONE
assume,tumble,0.5,NONE
clench,aid,2.16,NONE
ask,attempt,3.15,NONE
graduate,relax,0.83,NONE
appear,command,0.5,NONE
drip,adore,0.33,NONE
glide,please,1.49,NONE
allow,erode,0.66,NONE
confess,aggravate,1,NONE
miss,cook,0.17,NONE
inquire,pull,1,NONE
scold,kneel,0.83,NONE
sow,find,0.83,NONE
refuse,flex,0.17,NONE
press,compound,6.64,NONE
fade,rescue,0.83,NONE
perish,sob,2.49,NONE
remind,graduate,0.17,NONE
educate,pray,0.33,NONE
lower,bumble,0.33,NONE
hop,gamble,0.83,NONE
remember,gain,1.33,NONE
mean,ascend,1.99,NONE
drip,urge,1.16,NONE
stink,define,1,NONE
kill,foil,1.16,NONE
stumble,freeze,0.83,NONE
appear,blush,2.16,NONE
carry,guess,1.33,NONE
read,bite,0.17,NONE
gamble,hug,0.83,NONE
gain,operate,1.16,NONE
breathe,slice,0.66,NONE
weave,guess,1.66,NONE
shrink,snore,0,NONE
hang,complain,1,NONE
yield,aid,2.99,NONE
wipe,lead,0.17,NONE
accumulate,toss,1.49,NONE
evaluate,sway,1,NONE
despise,charge,0.66,NONE
bake,understand,0.66,NONE
beg,spread,0.5,NONE
tie,scratch,0.83,NONE
lend,sting,0,NONE
hope,design,0.83,NONE
amaze,separate,0.83,NONE
suspect,turn,1.16,NONE
speak,deny,1.66,NONE
fling,diminish,0.83,NONE
shut,find,0.83,NONE
drift,slurp,1.33,NONE
marry,adjourn,1.49,NONE
convince,slither,1.33,NONE
smoke,forgive,0.33,NONE
fly,cuddle,0.33,NONE
drench,reduce,1,NONE
admire,hop,0.83,NONE
shoot,inspect,0.17,NONE
prohibit,hide,1.99,NONE
bleach,acknowledge,0.3,NONE
discourage,finish,0.5,NONE
collect,please,0.5,NONE
move,humiliate,0.33,NONE
prohibit,glare,0.66,NONE
update,tear,0.5,NONE
drink,raise,0.66,NONE
swoon,reply,1.16,NONE
drive,breed,0,NONE
print,ignore,0.33,NONE
polish,inform,0.5,NONE
attend,argue,1.16,NONE
mix,buy,0.83,NONE
flush,suppose,1,NONE
visit,giggle,0,NONE
guess,prepare,1.83,NONE
aid,announce,0.83,NONE
wrap,swap,0.17,NONE
buzz,sew,0.66,NONE
cry,cheat,0.17,NONE
pinch,drive,0.17,NONE
skip,dislike,0.83,NONE
mow,dare,1.16,NONE
explain,mow,0.15,NONE
obey,permit,1.33,NONE
enter,kick,0.33,NONE
demand,suck,0.33,NONE
replace,explain,0.33,NONE
lounge,freeze,0.5,NONE
inhale,feed,1.66,NONE
crunch,permit,0.66,NONE
disappear,earn,0.5,NONE
say,poise,3.15,NONE
deteriorate,wipe,0.83,NONE
prick,splash,1.49,NONE
spray,attempt,0.66,NONE
fold,request,0.66,NONE
release,diminish,1.83,NONE
haunt,define,0.83,NONE
clarify,worry,0.33,NONE
defeat,trim,0.66,NONE
wander,change,1.16,NONE
rebel,seek,1.49,NONE
avoid,spray,0.83,NONE
correct,disintegrate,0,NONE
disbelieve,travel,0.17,NONE
boom,obtain,0.17,NONE
listen,seek,2.82,NONE
refuse,slide,0.45,NONE
foil,strain,2.66,NONE
fold,inform,1,NONE
print,rip,0.66,NONE
hear,pretend,0.33,NONE
embrace,make,2.49,NONE
announce,crush,0.66,NONE
educate,barter,1.33,NONE
fit,integrate,4.81,NONE
enjoy,start,0.5,NONE
squeeze,dash,1.16,NONE
lead,confuse,0.66,NONE
fail,rely,1,NONE
nag,roam,0.33,NONE
smell,remove,1,NONE
upset,deteriorate,2.66,NONE
set,swim,0.5,NONE
attack,disgust,0.5,NONE
return,clarify,0.66,NONE
depend,forbid,1.66,NONE
throw,adjourn,1.49,NONE
chase,giggle,0.66,NONE
taste,rearrange,0.5,NONE
integrate,erode,0.83,NONE
roam,draw,0.5,NONE
awake,kneel,0.5,NONE
develop,search,3.65,NONE
erupt,write,1,NONE
grasp,deposit,0.17,NONE
despise,prove,1,NONE
calculate,sneak,1.16,NONE
offend,loosen,0.5,NONE
solve,lend,1.66,NONE
flip,scribble,1.16,NONE
swallow,rip,0.83,NONE
guess,jump,0.83,NONE
excel,loosen,1.49,NONE
tap,abduct,0.5,NONE
dare,acknowledge,1.99,NONE
interrupt,push,1.66,NONE
choke,succeed,0,NONE
cook,lose,1.16,NONE
wait,decay,1.33,NONE
squeak,guess,0.66,NONE
tie,become,0.83,NONE
dare,reap,3.32,NONE
laugh,try,1.66,NONE
survive,heal,3.82,NONE
appear,evacuate,1.16,NONE
annihilate,flee,0.17,NONE
recruit,stretch,1.33,NONE
recall,wake,2.32,NONE
admit,chew,0.66,NONE
notify,pluck,1,NONE
compete,triumph,2.32,NONE
bend,decide,0.33,NONE
erode,doubt,0.83,NONE
blur,rush,2.49,NONE
survive,flush,0,NONE
dissolve,adore,0,NONE
attend,lift,0.5,NONE
realize,inquire,1.99,NONE
hope,drive,1.16,NONE
travel,determine,0.5,NONE
angle,toss,1.66,NONE
wait,disprove,0.66,NONE
dip,want,0.17,NONE
hop,knit,1.33,NONE
integrate,gather,3.65,NONE
reserve,reel,1,NONE
gain,croak,1,NONE
lower,walk,0.83,NONE
walk,refuse,0.83,NONE
dip,teach,0.17,NONE
humiliate,comfort,0,NONE
hesitate,announce,0.5,NONE
pour,awake,0.33,NONE
hug,discuss,0.17,NONE
kill,splash,0.66,NONE
perspire,enter,0.33,NONE
drown,survive,0.83,NONE
kneel,flow,0.66,NONE
sprinkle,obtain,0.17,NONE
swear,foil,0.5,NONE
allow,blend,1.49,NONE
grill,leap,0.5,NONE
create,dive,0,NONE
damn,imitate,0.83,NONE
attempt,yawn,0.33,NONE
understand,burst,1.83,NONE
break,reply,0.83,NONE
look,heal,0.5,NONE
sing,float,0.66,NONE
shove,scribble,0.66,NONE
suppose,degrade,0.66,NONE
correct,acknowledge,2.82,NONE
determine,deny,0.66,NONE
forbid,drown,0.17,NONE
flee,aim,0.33,NONE
discover,pay,0.5,NONE
shake,collect,0.3,NONE
salute,perform,1.66,NONE
bound,pick,1,NONE
vomit,discover,0,NONE
worry,integrate,1.16,NONE
save,imitate,1.33,NONE
launch,deposit,2.49,NONE
bake,produce,5.48,NONE
release,triumph,1.99,NONE
enjoy,wait,0.5,NONE
regret,fold,0.33,NONE
integrate,drown,0.33,NONE
disallow,bend,0.83,NONE
shove,leap,1.06,NONE
lounge,reprimand,0.83,NONE
finish,bless,1.83,NONE
examine,reject,0.83,NONE
please,know,1.83,NONE
deteriorate,delay,0.66,NONE
stay,flee,1.16,NONE
complain,disown,0.66,NONE
judge,comprehend,2.49,NONE
portray,reap,0.17,NONE
separate,snatch,1.66,NONE
flow,explain,2.16,NONE
engage,supply,0.66,NONE
cruise,overflow,1.49,NONE
shut,vomit,0,NONE
promise,choose,1.49,NONE
scratch,repair,0.5,NONE
yearn,hike,0.66,NONE
hurt,salute,0,NONE
blame,travel,0,NONE
comprehend,remain,0.17,NONE
despise,taste,0.5,NONE
live,lend,0.83,NONE
freeze,embarrass,0.5,NONE
snooze,happen,0,NONE
slip,kiss,1.33,NONE
snuggle,knock,0.83,NONE
dislike,intoxicate,1.51,NONE
reap,recycle,0.91,NONE
stare,bother,1.99,NONE
repeat,slap,0.33,NONE
scribble,prick,0.5,NONE
belong,intoxicate,0.33,NONE
discourage,overflow,0.33,NONE
haul,stab,0.33,NONE
separate,teach,0.83,NONE
snatch,stop,0.5,NONE
inquire,renounce,1.16,NONE
agree,overflow,0.66,NONE
ride,smash,0.17,NONE
repress,search,0.83,NONE
mistreat,hold,1.16,NONE
connect,talk,3.65,NONE
purchase,wait,0.83,NONE
push,adjourn,1.33,NONE
sew,crave,0.5,NONE
develop,sue,1.33,NONE
speak,tote,0.33,NONE
supply,hold,2.16,NONE
hesitate,rebel,0.83,NONE
overwhelm,restore,0.33,NONE
mistreat,scramble,1.99,NONE
practice,debate,1.49,NONE
look,assault,0.66,NONE
doze,throw,0.15,NONE
mean,join,1,NONE
grasp,spray,1,NONE
weep,notify,0.33,NONE
calculate,concentrate,3.65,NONE
operate,entertain,1.33,NONE
unite,guess,0.17,NONE
update,pick,1.83,NONE
travel,perform,0.33,NONE
catch,frustrate,0.83,NONE
assault,enrage,1.33,NONE
deposit,prosecute,0.83,NONE
decide,remove,1.33,NONE
irritate,guess,0.5,NONE
integrate,wiggle,0.5,NONE
happen,hide,1.16,NONE
overcome,keep,1.49,NONE
evacuate,determine,0.83,NONE
attract,bite,0.5,NONE
forbid,pull,1.83,NONE
magnify,drip,0.33,NONE
comprehend,testify,1.06,NONE
return,ridicule,0.5,NONE
overflow,kiss,0.33,NONE
bite,ask,0.17,NONE
observe,vanish,0.5,NONE
review,agree,1.66,NONE
mix,learn,0.66,NONE
drink,realize,1.66,NONE
criticize,slice,1.66,NONE
hug,dismay,0.33,NONE
discover,count,1.16,NONE
have,own,7.55,SYNONYMS
own,possess,8.8,SYNONYMS
have,possess,8.63,HYPER/HYPONYMS
possess,decorate,0.66,NONE
register,verify,3.15,NONE
verify,certify,8.3,NONE
imitate,impersonate,8.47,HYPER/HYPONYMS
capture,imitate,0.83,NONE
invite,encourage,4.15,NONE
encourage,boost,7.14,SYNONYMS
promote,advance,6.97,SYNONYMS
invite,travel,1,NONE
pass,serve,3.49,HYPER/HYPONYMS
serve,sing,1.33,NONE
apply,use,6.64,SYNONYMS
exploit,use,7.14,HYPER/HYPONYMS
apply,exploit,0.66,HYPER/HYPONYMS
return,apply,1.49,NONE
avoid,invalidate,2.16,SYNONYMS
nullify,avoid,1.83,SYNONYMS
invalidate,nullify,7.3,SYNONYMS
avoid,demolish,1.83,NONE
engage,involve,8.3,HYPER/HYPONYMS
involve,include,8.13,HYPER/HYPONYMS
include,engage,6.14,NONE
involve,speak,3.32,NONE
spawn,pup,2.99,NONE
spawn,litter,2.99,NONE
pup,litter,3.65,NONE
spawn,exploit,0.33,NONE
overcome,exceed,4.65,HYPER/HYPONYMS
overcome,surpass,7.47,HYPER/HYPONYMS
surpass,outnumber,6.31,NONE
exceed,whisper,0.5,NONE
count,matter,4.15,SYNONYMS
count,drive,1.33,NONE
assume,adopt,4.32,SYNONYMS
adopt,wash,1.83,NONE
gamble,bet,9.13,HYPER/HYPONYMS
gamble,risk,8.3,COHYPONYMS
bet,risk,7.64,NONE
bet,hug,0.83,NONE
yield,submit,6.64,HYPER/HYPONYMS
submit,bow,4.48,SYNONYMS
yield,capitulate,5.81,HYPER/HYPONYMS
bow,erupt,1.16,NONE
incline,dispose,1.49,SYNONYMS
dispose,bias,0.5,NONE
bias,incline,3.65,NONE
dispose,build,0.17,NONE
tackle,handle,3.82,NONE
face,approach,5.64,HYPER/HYPONYMS
handle,approach,2.82,NONE
approach,promise,1.16,NONE
secure,insure,5.15,SYNONYMS
insure,ensure,1.83,SYNONYMS
ensure,secure,4.07,SYNONYMS
secure,survive,2.32,NONE
release,discharge,6.64,HYPER/HYPONYMS
release,acquit,5.98,NONE
discharge,free,5.98,SYNONYMS
discharge,roam,1.83,NONE
retire,retreat,4.48,SYNONYMS
retire,withdraw,6.81,SYNONYMS
withdraw,retreat,7.39,SYNONYMS
retire,fail,1.49,NONE
deal,cope,7.47,SYNONYMS
cope,manage,7.14,SYNONYMS
deal,manage,6.14,SYNONYMS
manage,slide,1.66,NONE
care,worry,6.31,SYNONYMS
care,mind,4.81,HYPER/HYPONYMS
mind,worry,4.15,HYPER/HYPONYMS
care,remain,1,NONE
bargain,settle,4.38,NONE
settle,concur,3.15,HYPER/HYPONYMS
bargain,concur,2.82,NONE
settle,testify,2.16,NONE
attempt,intend,3.32,NONE
intend,try,4.07,NONE
intend,remind,0.83,NONE
commit,dedicate,7.97,SYNONYMS
commit,devote,7.3,SYNONYMS
devote,dedicate,7.97,SYNONYMS
commit,explode,0,NONE
reduce,restrict,6.97,HYPER/HYPONYMS
restrict,limit,9.13,SYNONYMS
limit,reduce,6.14,HYPER/HYPONYMS
restrict,dance,1,NONE
work,participate,5.64,NONE
work,collaborate,4.98,HYPER/HYPONYMS
cooperate,collaborate,7.47,SYNONYMS
work,disappear,0.33,NONE
refrain,abstain,8.8,HYPER/HYPONYMS
abstain,forbear,5.48,HYPER/HYPONYMS
refrain,forbear,5.98,HYPER/HYPONYMS
abstain,fade,2.66,NONE
allow,approve,5.81,HYPER/HYPONYMS
permit,approve,6.97,HYPER/HYPONYMS
approve,change,1,NONE
control,enforce,5.64,NONE
control,impose,4.65,NONE
enforce,impose,6.64,SYNONYMS
impose,cheat,1.16,NONE
rebel,protest,7.64,HYPER/HYPONYMS
collaborate,conspire,4.23,NONE
conspire,protest,1.83,NONE
protest,release,1.16,NONE
